$version Generated by VerilatedVcd $end
$timescale 1ps $end
 $scope module TOP $end
  $var wire 1 : clk_i $end
  $var wire 1 ; rst_ni $end
  $var wire 1 < timer_req_i $end
  $var wire 32 = timer_addr_i [31:0] $end
  $var wire 1 > timer_we_i $end
  $var wire 4 ? timer_be_i [3:0] $end
  $var wire 32 @ timer_wdata_i [31:0] $end
  $var wire 1 A timer_rvalid_o $end
  $var wire 32 B timer_rdata_o [31:0] $end
  $var wire 1 C timer_err_o $end
  $var wire 1 D timer_intr_o $end
  $scope module timer $end
   $var wire 32 I DataWidth [31:0] $end
   $var wire 32 I AddressWidth [31:0] $end
   $var wire 1 : clk_i $end
   $var wire 1 ; rst_ni $end
   $var wire 1 < timer_req_i $end
   $var wire 32 = timer_addr_i [31:0] $end
   $var wire 1 > timer_we_i $end
   $var wire 4 ? timer_be_i [3:0] $end
   $var wire 32 @ timer_wdata_i [31:0] $end
   $var wire 1 A timer_rvalid_o $end
   $var wire 32 B timer_rdata_o [31:0] $end
   $var wire 1 C timer_err_o $end
   $var wire 1 D timer_intr_o $end
   $var wire 32 J TW [31:0] $end
   $var wire 32 K ADDR_OFFSET [31:0] $end
   $var wire 10 L MTIME_LOW [9:0] $end
   $var wire 10 M MTIME_HIGH [9:0] $end
   $var wire 10 N MTIMECMP_LOW [9:0] $end
   $var wire 10 O MTIMECMP_HIGH [9:0] $end
   $var wire 1 # timer_we $end
   $var wire 1 $ mtime_we $end
   $var wire 1 % mtimeh_we $end
   $var wire 1 & mtimecmp_we $end
   $var wire 1 ' mtimecmph_we $end
   $var wire 32 ) mtime_wdata [31:0] $end
   $var wire 32 * mtimeh_wdata [31:0] $end
   $var wire 32 + mtimecmp_wdata [31:0] $end
   $var wire 32 , mtimecmph_wdata [31:0] $end
   $var wire 64 1 mtime_q [63:0] $end
   $var wire 64 - mtime_d [63:0] $end
   $var wire 64 3 mtime_inc [63:0] $end
   $var wire 64 5 mtimecmp_q [63:0] $end
   $var wire 64 / mtimecmp_d [63:0] $end
   $var wire 1 7 interrupt_q $end
   $var wire 1 8 interrupt_d $end
   $var wire 1 E error_q $end
   $var wire 1 ( error_d $end
   $var wire 32 F rdata_q [31:0] $end
   $var wire 32 G rdata_d [31:0] $end
   $var wire 1 9 rvalid_q $end
   $var wire 1 H unused_addr_bits $end
  $upscope $end
 $upscope $end
$enddefinitions $end


#0
0#
0$
0%
0&
0'
0(
b00000000000000000000000000000000 )
b00000000000000000000000000000000 *
b00000000000000000000000000000000 +
b00000000000000000000000000000000 ,
b0000000000000000000000000000000000000000000000000000000000000001 -
b0000000000000000000000000000000000000000000000000000000000000000 /
b0000000000000000000000000000000000000000000000000000000000000000 1
b0000000000000000000000000000000000000000000000000000000000000001 3
b0000000000000000000000000000000000000000000000000000000000000000 5
07
18
09
0:
0;
0<
b00000000000000000000000000000000 =
0>
b0000 ?
b00000000000000000000000000000000 @
0A
b00000000000000000000000000000000 B
0C
0D
0E
b00000000000000000000000000000000 F
b00000000000000000000000000000000 G
0H
b00000000000000000000000000100000 I
b00000000000000000000000001000000 J
b00000000000000000000000000001010 K
b0000000000 L
b0000000100 M
b0000001000 N
b0000001100 O
#1
b11111111111111111111111111111111 +
b11111111111111111111111111111111 ,
b1111111111111111111111111111111111111111111111111111111111111111 /
b1111111111111111111111111111111111111111111111111111111111111111 5
08
1:
#2
0:
#3
1:
#4
0:
#5
1:
#6
0:
#7
1:
#8
0:
#9
1:
#10
0:
1;
#11
b00000000000000000000000000000001 )
b0000000000000000000000000000000000000000000000000000000000000010 -
b0000000000000000000000000000000000000000000000000000000000000001 1
b0000000000000000000000000000000000000000000000000000000000000010 3
1:
b00000000000000000000000000000001 G
#12
0:
#13
b00000000000000000000000000000010 )
b0000000000000000000000000000000000000000000000000000000000000011 -
b0000000000000000000000000000000000000000000000000000000000000010 1
b0000000000000000000000000000000000000000000000000000000000000011 3
1:
b00000000000000000000000000000010 G
#14
0:
#15
b00000000000000000000000000000011 )
b0000000000000000000000000000000000000000000000000000000000000100 -
b0000000000000000000000000000000000000000000000000000000000000011 1
b0000000000000000000000000000000000000000000000000000000000000100 3
1:
b00000000000000000000000000000011 G
#16
0:
#17
b00000000000000000000000000000100 )
b0000000000000000000000000000000000000000000000000000000000000101 -
b0000000000000000000000000000000000000000000000000000000000000100 1
b0000000000000000000000000000000000000000000000000000000000000101 3
1:
b00000000000000000000000000000100 G
#18
0:
#19
b00000000000000000000000000000101 )
b0000000000000000000000000000000000000000000000000000000000000110 -
b0000000000000000000000000000000000000000000000000000000000000101 1
b0000000000000000000000000000000000000000000000000000000000000110 3
1:
b00000000000000000000000000000101 G
#20
b00000000000000000000000000000000 )
b0000000000000000000000000000000000000000000000000000000000000001 -
b0000000000000000000000000000000000000000000000000000000000000000 1
b0000000000000000000000000000000000000000000000000000000000000001 3
0:
b00000000000000000000000000000000 G
#21
b00000000000000000000000000000001 )
b0000000000000000000000000000000000000000000000000000000000000010 -
b0000000000000000000000000000000000000000000000000000000000000001 1
b0000000000000000000000000000000000000000000000000000000000000010 3
1:
b00000000000000000000000000000001 G
#22
b00000000000000000000000000000000 )
b00000000000000000000000000000000 +
b00000000000000000000000000000000 ,
0:
1<
b1111 ?
#23
b0000000000000000000000000000000000000000000000000000000000000011 -
b0000000000000000000000000000000000000000000000000000000000000010 1
b0000000000000000000000000000000000000000000000000000000000000011 3
19
1:
1A
b00000000000000000000000000000001 B
b00000000000000000000000000000001 F
b00000000000000000000000000000010 G
#24
0:
0<
#25
b0000000000000000000000000000000000000000000000000000000000000100 -
b0000000000000000000000000000000000000000000000000000000000000011 1
b0000000000000000000000000000000000000000000000000000000000000100 3
09
1:
0A
b00000000000000000000000000000011 G
#26
0:
1<
b00000000000000000000000000000100 =
b00000000000000000000000000000000 G
#27
b0000000000000000000000000000000000000000000000000000000000000101 -
b0000000000000000000000000000000000000000000000000000000000000100 1
b0000000000000000000000000000000000000000000000000000000000000101 3
19
1:
1A
b00000000000000000000000000000000 B
b00000000000000000000000000000000 F
#28
0:
0<
#29
b0000000000000000000000000000000000000000000000000000000000000110 -
b0000000000000000000000000000000000000000000000000000000000000101 1
b0000000000000000000000000000000000000000000000000000000000000110 3
09
1:
0A
#30
b0000000000000000000000000000000000000000000000000000000000000001 -
b0000000000000000000000000000000000000000000000000000000000000000 1
b0000000000000000000000000000000000000000000000000000000000000001 3
0:
0;
#31
1:
#32
0:
#33
1:
#34
0:
#35
1:
#36
0:
#37
1:
#38
0:
#39
1:
#40
0:
1;
#41
b0000000000000000000000000000000000000000000000000000000000000010 -
b0000000000000000000000000000000000000000000000000000000000000001 1
b0000000000000000000000000000000000000000000000000000000000000010 3
1:
#42
0:
#43
b0000000000000000000000000000000000000000000000000000000000000011 -
b0000000000000000000000000000000000000000000000000000000000000010 1
b0000000000000000000000000000000000000000000000000000000000000011 3
1:
#44
0:
#45
b0000000000000000000000000000000000000000000000000000000000000100 -
b0000000000000000000000000000000000000000000000000000000000000011 1
b0000000000000000000000000000000000000000000000000000000000000100 3
1:
#46
0:
#47
b0000000000000000000000000000000000000000000000000000000000000101 -
b0000000000000000000000000000000000000000000000000000000000000100 1
b0000000000000000000000000000000000000000000000000000000000000101 3
1:
#48
0:
#49
b0000000000000000000000000000000000000000000000000000000000000110 -
b0000000000000000000000000000000000000000000000000000000000000101 1
b0000000000000000000000000000000000000000000000000000000000000110 3
1:
#50
0:
1<
b00000000000000000000000000001100 =
b11111111111111111111111111111111 G
#51
b0000000000000000000000000000000000000000000000000000000000000111 -
b0000000000000000000000000000000000000000000000000000000000000110 1
b0000000000000000000000000000000000000000000000000000000000000111 3
19
1:
1A
b11111111111111111111111111111111 B
b11111111111111111111111111111111 F
#52
0:
0<
#53
b0000000000000000000000000000000000000000000000000000000000001000 -
b0000000000000000000000000000000000000000000000000000000000000111 1
b0000000000000000000000000000000000000000000000000000000000001000 3
09
1:
0A
#54
0:
1<
b00000000000000000000000000001000 =
#55
b0000000000000000000000000000000000000000000000000000000000001001 -
b0000000000000000000000000000000000000000000000000000000000001000 1
b0000000000000000000000000000000000000000000000000000000000001001 3
19
1:
1A
#56
0:
0<
#57
b0000000000000000000000000000000000000000000000000000000000001010 -
b0000000000000000000000000000000000000000000000000000000000001001 1
b0000000000000000000000000000000000000000000000000000000000001010 3
09
1:
0A
#58
b0000000000000000000000000000000000000000000000000000000000000001 -
b0000000000000000000000000000000000000000000000000000000000000000 1
b0000000000000000000000000000000000000000000000000000000000000001 3
0:
0;
#59
1:
#60
0:
#61
1:
#62
0:
#63
1:
#64
0:
#65
1:
#66
0:
#67
1:
#68
0:
1;
#69
b0000000000000000000000000000000000000000000000000000000000000010 -
b0000000000000000000000000000000000000000000000000000000000000001 1
b0000000000000000000000000000000000000000000000000000000000000010 3
1:
#70
0:
#71
b0000000000000000000000000000000000000000000000000000000000000011 -
b0000000000000000000000000000000000000000000000000000000000000010 1
b0000000000000000000000000000000000000000000000000000000000000011 3
1:
#72
0:
#73
b0000000000000000000000000000000000000000000000000000000000000100 -
b0000000000000000000000000000000000000000000000000000000000000011 1
b0000000000000000000000000000000000000000000000000000000000000100 3
1:
#74
0:
#75
b0000000000000000000000000000000000000000000000000000000000000101 -
b0000000000000000000000000000000000000000000000000000000000000100 1
b0000000000000000000000000000000000000000000000000000000000000101 3
1:
#76
0:
#77
b0000000000000000000000000000000000000000000000000000000000000110 -
b0000000000000000000000000000000000000000000000000000000000000101 1
b0000000000000000000000000000000000000000000000000000000000000110 3
1:
#78
0:
1<
#79
b0000000000000000000000000000000000000000000000000000000000000111 -
b0000000000000000000000000000000000000000000000000000000000000110 1
b0000000000000000000000000000000000000000000000000000000000000111 3
19
1:
1A
#80
0:
0<
#81
b0000000000000000000000000000000000000000000000000000000000001000 -
b0000000000000000000000000000000000000000000000000000000000000111 1
b0000000000000000000000000000000000000000000000000000000000001000 3
09
1:
0A
#82
1#
1&
b00000000000000000000000010100101 )
b00000000000000000000000010100101 *
b11111111111111111111111110100101 +
b11111111111111111111111110100101 ,
b1111111111111111111111111111111111111111111111111111111110100101 /
0:
1<
1>
b0001 ?
b10100101101001011010010110100101 @
#83
b0000000000000000000000000000000000000000000000000000000000001001 -
b0000000000000000000000000000000000000000000000000000000000001000 1
b0000000000000000000000000000000000000000000000000000000000001001 3
b1111111111111111111111111111111111111111111111111111111110100101 5
19
1:
1A
b11111111111111111111111110100101 G
#84
0#
0&
0:
0<
#85
b0000000000000000000000000000000000000000000000000000000000001010 -
b0000000000000000000000000000000000000000000000000000000000001001 1
b0000000000000000000000000000000000000000000000000000000000001010 3
09
1:
0A
#86
b10100101101001011010010110100101 )
b10100101101001011010010110100101 *
b10100101101001011010010110100101 +
b10100101101001011010010110100101 ,
0:
1<
0>
b1111 ?
#87
b0000000000000000000000000000000000000000000000000000000000001011 -
b0000000000000000000000000000000000000000000000000000000000001010 1
b0000000000000000000000000000000000000000000000000000000000001011 3
19
1:
1A
b11111111111111111111111110100101 B
b11111111111111111111111110100101 F
#88
0:
0<
#89
b0000000000000000000000000000000000000000000000000000000000001100 -
b0000000000000000000000000000000000000000000000000000000000001011 1
b0000000000000000000000000000000000000000000000000000000000001100 3
09
1:
0A
#90
0:
1<
#91
b0000000000000000000000000000000000000000000000000000000000001101 -
b0000000000000000000000000000000000000000000000000000000000001100 1
b0000000000000000000000000000000000000000000000000000000000001101 3
19
1:
1A
#92
0:
0<
#93
b0000000000000000000000000000000000000000000000000000000000001110 -
b0000000000000000000000000000000000000000000000000000000000001101 1
b0000000000000000000000000000000000000000000000000000000000001110 3
09
1:
0A
#94
1#
1&
b00000000000000001010010100001101 )
b00000000000000001010010100000000 *
b11111111111111111010010110100101 +
b11111111111111111010010111111111 ,
b1111111111111111111111111111111111111111111111111010010110100101 /
0:
1<
1>
b0010 ?
#95
b00000000000000001010010100001110 )
b0000000000000000000000000000000000000000000000000000000000001111 -
b0000000000000000000000000000000000000000000000000000000000001110 1
b0000000000000000000000000000000000000000000000000000000000001111 3
b1111111111111111111111111111111111111111111111111010010110100101 5
19
1:
1A
b11111111111111111010010110100101 G
#96
0#
0&
0:
0<
#97
b00000000000000001010010100001111 )
b0000000000000000000000000000000000000000000000000000000000010000 -
b0000000000000000000000000000000000000000000000000000000000001111 1
b0000000000000000000000000000000000000000000000000000000000010000 3
09
1:
0A
#98
b10100101101001011010010110100101 )
b10100101101001011010010110100101 *
b10100101101001011010010110100101 +
b10100101101001011010010110100101 ,
0:
1<
0>
b1111 ?
#99
b0000000000000000000000000000000000000000000000000000000000010001 -
b0000000000000000000000000000000000000000000000000000000000010000 1
b0000000000000000000000000000000000000000000000000000000000010001 3
19
1:
1A
b11111111111111111010010110100101 B
b11111111111111111010010110100101 F
#100
0:
0<
#101
b0000000000000000000000000000000000000000000000000000000000010010 -
b0000000000000000000000000000000000000000000000000000000000010001 1
b0000000000000000000000000000000000000000000000000000000000010010 3
09
1:
0A
#102
0:
1<
#103
b0000000000000000000000000000000000000000000000000000000000010011 -
b0000000000000000000000000000000000000000000000000000000000010010 1
b0000000000000000000000000000000000000000000000000000000000010011 3
19
1:
1A
#104
0:
0<
#105
b0000000000000000000000000000000000000000000000000000000000010100 -
b0000000000000000000000000000000000000000000000000000000000010011 1
b0000000000000000000000000000000000000000000000000000000000010100 3
09
1:
0A
#106
1#
1&
b00000000101001010000000000010011 )
b00000000101001010000000000000000 *
b11111111101001011010010110100101 +
b11111111101001011111111111111111 ,
b1111111111111111111111111111111111111111101001011010010110100101 /
0:
1<
1>
b0100 ?
#107
b00000000101001010000000000010100 )
b0000000000000000000000000000000000000000000000000000000000010101 -
b0000000000000000000000000000000000000000000000000000000000010100 1
b0000000000000000000000000000000000000000000000000000000000010101 3
b1111111111111111111111111111111111111111101001011010010110100101 5
19
1:
1A
b11111111101001011010010110100101 G
#108
0#
0&
0:
0<
#109
b00000000101001010000000000010101 )
b0000000000000000000000000000000000000000000000000000000000010110 -
b0000000000000000000000000000000000000000000000000000000000010101 1
b0000000000000000000000000000000000000000000000000000000000010110 3
09
1:
0A
#110
b10100101101001011010010110100101 )
b10100101101001011010010110100101 *
b10100101101001011010010110100101 +
b10100101101001011010010110100101 ,
0:
1<
0>
b1111 ?
#111
b0000000000000000000000000000000000000000000000000000000000010111 -
b0000000000000000000000000000000000000000000000000000000000010110 1
b0000000000000000000000000000000000000000000000000000000000010111 3
19
1:
1A
b11111111101001011010010110100101 B
b11111111101001011010010110100101 F
#112
0:
0<
#113
b0000000000000000000000000000000000000000000000000000000000011000 -
b0000000000000000000000000000000000000000000000000000000000010111 1
b0000000000000000000000000000000000000000000000000000000000011000 3
09
1:
0A
#114
0:
1<
#115
b0000000000000000000000000000000000000000000000000000000000011001 -
b0000000000000000000000000000000000000000000000000000000000011000 1
b0000000000000000000000000000000000000000000000000000000000011001 3
19
1:
1A
#116
0:
0<
#117
b0000000000000000000000000000000000000000000000000000000000011010 -
b0000000000000000000000000000000000000000000000000000000000011001 1
b0000000000000000000000000000000000000000000000000000000000011010 3
09
1:
0A
#118
1#
1&
b10100101000000000000000000011001 )
b10100101000000000000000000000000 *
b10100101111111111111111111111111 ,
b1111111111111111111111111111111110100101101001011010010110100101 /
0:
1<
1>
b1000 ?
#119
b10100101000000000000000000011010 )
b0000000000000000000000000000000000000000000000000000000000011011 -
b0000000000000000000000000000000000000000000000000000000000011010 1
b0000000000000000000000000000000000000000000000000000000000011011 3
b1111111111111111111111111111111110100101101001011010010110100101 5
19
1:
1A
b10100101101001011010010110100101 G
#120
0#
0&
0:
0<
#121
b10100101000000000000000000011011 )
b0000000000000000000000000000000000000000000000000000000000011100 -
b0000000000000000000000000000000000000000000000000000000000011011 1
b0000000000000000000000000000000000000000000000000000000000011100 3
09
1:
0A
#122
b10100101101001011010010110100101 )
b10100101101001011010010110100101 *
b10100101101001011010010110100101 ,
0:
1<
0>
b1111 ?
#123
b0000000000000000000000000000000000000000000000000000000000011101 -
b0000000000000000000000000000000000000000000000000000000000011100 1
b0000000000000000000000000000000000000000000000000000000000011101 3
19
1:
1A
b10100101101001011010010110100101 B
b10100101101001011010010110100101 F
#124
0:
0<
#125
b0000000000000000000000000000000000000000000000000000000000011110 -
b0000000000000000000000000000000000000000000000000000000000011101 1
b0000000000000000000000000000000000000000000000000000000000011110 3
09
1:
0A
#126
0:
1<
#127
b0000000000000000000000000000000000000000000000000000000000011111 -
b0000000000000000000000000000000000000000000000000000000000011110 1
b0000000000000000000000000000000000000000000000000000000000011111 3
19
1:
1A
#128
0:
0<
#129
b0000000000000000000000000000000000000000000000000000000000100000 -
b0000000000000000000000000000000000000000000000000000000000011111 1
b0000000000000000000000000000000000000000000000000000000000100000 3
09
1:
0A
#130
1#
1&
b00000000000000000100010101100111 )
b00000000000000000100010101100111 *
b10100101101001010100010101100111 +
b11111111111111110100010101100111 ,
b1111111111111111111111111111111110100101101001010100010101100111 /
0:
1<
1>
b0011 ?
b01101011100010110100010101100111 @
#131
b0000000000000000000000000000000000000000000000000000000000100001 -
b0000000000000000000000000000000000000000000000000000000000100000 1
b0000000000000000000000000000000000000000000000000000000000100001 3
b1111111111111111111111111111111110100101101001010100010101100111 5
19
1:
1A
b10100101101001010100010101100111 G
#132
0#
0&
0:
0<
#133
b0000000000000000000000000000000000000000000000000000000000100010 -
b0000000000000000000000000000000000000000000000000000000000100001 1
b0000000000000000000000000000000000000000000000000000000000100010 3
09
1:
0A
#134
b01101011100010110100010101100111 )
b01101011100010110100010101100111 *
b01101011100010110100010101100111 +
b01101011100010110100010101100111 ,
0:
1<
0>
b1111 ?
#135
b0000000000000000000000000000000000000000000000000000000000100011 -
b0000000000000000000000000000000000000000000000000000000000100010 1
b0000000000000000000000000000000000000000000000000000000000100011 3
19
1:
1A
b10100101101001010100010101100111 B
b10100101101001010100010101100111 F
#136
0:
0<
#137
b0000000000000000000000000000000000000000000000000000000000100100 -
b0000000000000000000000000000000000000000000000000000000000100011 1
b0000000000000000000000000000000000000000000000000000000000100100 3
09
1:
0A
#138
0:
1<
#139
b0000000000000000000000000000000000000000000000000000000000100101 -
b0000000000000000000000000000000000000000000000000000000000100100 1
b0000000000000000000000000000000000000000000000000000000000100101 3
19
1:
1A
#140
0:
0<
#141
b0000000000000000000000000000000000000000000000000000000000100110 -
b0000000000000000000000000000000000000000000000000000000000100101 1
b0000000000000000000000000000000000000000000000000000000000100110 3
09
1:
0A
#142
1#
1&
b00000000011110110000000011000110 )
b00000000011110110000000011000110 *
b10100101011110110100010111000110 +
b11111111011110111111111111000110 ,
b1111111111111111111111111111111110100101011110110100010111000110 /
0:
1<
1>
b0101 ?
b00110010011110110010001111000110 @
#143
b0000000000000000000000000000000000000000000000000000000000100111 -
b0000000000000000000000000000000000000000000000000000000000100110 1
b0000000000000000000000000000000000000000000000000000000000100111 3
b1111111111111111111111111111111110100101011110110100010111000110 5
19
1:
1A
b10100101011110110100010111000110 G
#144
0#
0&
0:
0<
#145
b0000000000000000000000000000000000000000000000000000000000101000 -
b0000000000000000000000000000000000000000000000000000000000100111 1
b0000000000000000000000000000000000000000000000000000000000101000 3
09
1:
0A
#146
b00110010011110110010001111000110 )
b00110010011110110010001111000110 *
b00110010011110110010001111000110 +
b00110010011110110010001111000110 ,
0:
1<
0>
b1111 ?
#147
b0000000000000000000000000000000000000000000000000000000000101001 -
b0000000000000000000000000000000000000000000000000000000000101000 1
b0000000000000000000000000000000000000000000000000000000000101001 3
19
1:
1A
b10100101011110110100010111000110 B
b10100101011110110100010111000110 F
#148
0:
0<
#149
b0000000000000000000000000000000000000000000000000000000000101010 -
b0000000000000000000000000000000000000000000000000000000000101001 1
b0000000000000000000000000000000000000000000000000000000000101010 3
09
1:
0A
#150
0:
1<
#151
b0000000000000000000000000000000000000000000000000000000000101011 -
b0000000000000000000000000000000000000000000000000000000000101010 1
b0000000000000000000000000000000000000000000000000000000000101011 3
19
1:
1A
#152
0:
0<
#153
b0000000000000000000000000000000000000000000000000000000000101100 -
b0000000000000000000000000000000000000000000000000000000000101011 1
b0000000000000000000000000000000000000000000000000000000000101100 3
09
1:
0A
#154
1#
1&
b00000000001111001001100000101011 )
b00000000001111001001100000000000 *
b10100101001111001001100011000110 +
b11111111001111001001100011111111 ,
b1111111111111111111111111111111110100101001111001001100011000110 /
0:
1<
1>
b0110 ?
b01100100001111001001100001101001 @
#155
b00000000001111001001100000101100 )
b0000000000000000000000000000000000000000000000000000000000101101 -
b0000000000000000000000000000000000000000000000000000000000101100 1
b0000000000000000000000000000000000000000000000000000000000101101 3
b1111111111111111111111111111111110100101001111001001100011000110 5
19
1:
1A
b10100101001111001001100011000110 G
#156
0#
0&
0:
0<
#157
b00000000001111001001100000101101 )
b0000000000000000000000000000000000000000000000000000000000101110 -
b0000000000000000000000000000000000000000000000000000000000101101 1
b0000000000000000000000000000000000000000000000000000000000101110 3
09
1:
0A
#158
b01100100001111001001100001101001 )
b01100100001111001001100001101001 *
b01100100001111001001100001101001 +
b01100100001111001001100001101001 ,
0:
1<
0>
b1111 ?
#159
b0000000000000000000000000000000000000000000000000000000000101111 -
b0000000000000000000000000000000000000000000000000000000000101110 1
b0000000000000000000000000000000000000000000000000000000000101111 3
19
1:
1A
b10100101001111001001100011000110 B
b10100101001111001001100011000110 F
#160
0:
0<
#161
b0000000000000000000000000000000000000000000000000000000000110000 -
b0000000000000000000000000000000000000000000000000000000000101111 1
b0000000000000000000000000000000000000000000000000000000000110000 3
09
1:
0A
#162
0:
1<
#163
b0000000000000000000000000000000000000000000000000000000000110001 -
b0000000000000000000000000000000000000000000000000000000000110000 1
b0000000000000000000000000000000000000000000000000000000000110001 3
19
1:
1A
#164
0:
0<
#165
b0000000000000000000000000000000000000000000000000000000000110010 -
b0000000000000000000000000000000000000000000000000000000000110001 1
b0000000000000000000000000000000000000000000000000000000000110010 3
09
1:
0A
#166
1#
1&
b01100110000000000000000001110011 )
b01100110000000000000000001110011 *
b01100110001111001001100001110011 +
b01100110111111111111111101110011 ,
b1111111111111111111111111111111101100110001111001001100001110011 /
0:
1<
1>
b1001 ?
b01100110001100110100100001110011 @
#167
b0000000000000000000000000000000000000000000000000000000000110011 -
b0000000000000000000000000000000000000000000000000000000000110010 1
b0000000000000000000000000000000000000000000000000000000000110011 3
b1111111111111111111111111111111101100110001111001001100001110011 5
19
1:
1A
b01100110001111001001100001110011 G
#168
0#
0&
0:
0<
#169
b0000000000000000000000000000000000000000000000000000000000110100 -
b0000000000000000000000000000000000000000000000000000000000110011 1
b0000000000000000000000000000000000000000000000000000000000110100 3
09
1:
0A
#170
b01100110001100110100100001110011 )
b01100110001100110100100001110011 *
b01100110001100110100100001110011 +
b01100110001100110100100001110011 ,
0:
1<
0>
b1111 ?
#171
b0000000000000000000000000000000000000000000000000000000000110101 -
b0000000000000000000000000000000000000000000000000000000000110100 1
b0000000000000000000000000000000000000000000000000000000000110101 3
19
1:
1A
b01100110001111001001100001110011 B
b01100110001111001001100001110011 F
#172
0:
0<
#173
b0000000000000000000000000000000000000000000000000000000000110110 -
b0000000000000000000000000000000000000000000000000000000000110101 1
b0000000000000000000000000000000000000000000000000000000000110110 3
09
1:
0A
#174
0:
1<
#175
b0000000000000000000000000000000000000000000000000000000000110111 -
b0000000000000000000000000000000000000000000000000000000000110110 1
b0000000000000000000000000000000000000000000000000000000000110111 3
19
1:
1A
#176
0:
0<
#177
b0000000000000000000000000000000000000000000000000000000000111000 -
b0000000000000000000000000000000000000000000000000000000000110111 1
b0000000000000000000000000000000000000000000000000000000000111000 3
09
1:
0A
#178
1#
1&
b01110100000000001101110000110111 )
b01110100000000001101110000000000 *
b01110100001111001101110001110011 +
b01110100111111111101110011111111 ,
b1111111111111111111111111111111101110100001111001101110001110011 /
0:
1<
1>
b1010 ?
b01110100101100001101110001010001 @
#179
b01110100000000001101110000111000 )
b0000000000000000000000000000000000000000000000000000000000111001 -
b0000000000000000000000000000000000000000000000000000000000111000 1
b0000000000000000000000000000000000000000000000000000000000111001 3
b1111111111111111111111111111111101110100001111001101110001110011 5
19
1:
1A
b01110100001111001101110001110011 G
#180
0#
0&
0:
0<
#181
b01110100000000001101110000111001 )
b0000000000000000000000000000000000000000000000000000000000111010 -
b0000000000000000000000000000000000000000000000000000000000111001 1
b0000000000000000000000000000000000000000000000000000000000111010 3
09
1:
0A
#182
b01110100101100001101110001010001 )
b01110100101100001101110001010001 *
b01110100101100001101110001010001 +
b01110100101100001101110001010001 ,
0:
1<
0>
b1111 ?
#183
b0000000000000000000000000000000000000000000000000000000000111011 -
b0000000000000000000000000000000000000000000000000000000000111010 1
b0000000000000000000000000000000000000000000000000000000000111011 3
19
1:
1A
b01110100001111001101110001110011 B
b01110100001111001101110001110011 F
#184
0:
0<
#185
b0000000000000000000000000000000000000000000000000000000000111100 -
b0000000000000000000000000000000000000000000000000000000000111011 1
b0000000000000000000000000000000000000000000000000000000000111100 3
09
1:
0A
#186
0:
1<
#187
b0000000000000000000000000000000000000000000000000000000000111101 -
b0000000000000000000000000000000000000000000000000000000000111100 1
b0000000000000000000000000000000000000000000000000000000000111101 3
19
1:
1A
#188
0:
0<
#189
b0000000000000000000000000000000000000000000000000000000000111110 -
b0000000000000000000000000000000000000000000000000000000000111101 1
b0000000000000000000000000000000000000000000000000000000000111110 3
09
1:
0A
#190
1#
1&
b00011001010010010000000000111101 )
b00011001010010010000000000000000 *
b00011001010010011101110001110011 +
b00011001010010011111111111111111 ,
b1111111111111111111111111111111100011001010010011101110001110011 /
0:
1<
1>
b1100 ?
b00011001010010010101110011111111 @
#191
b00011001010010010000000000111110 )
b0000000000000000000000000000000000000000000000000000000000111111 -
b0000000000000000000000000000000000000000000000000000000000111110 1
b0000000000000000000000000000000000000000000000000000000000111111 3
b1111111111111111111111111111111100011001010010011101110001110011 5
19
1:
1A
b00011001010010011101110001110011 G
#192
0#
0&
0:
0<
#193
b00011001010010010000000000111111 )
b0000000000000000000000000000000000000000000000000000000001000000 -
b0000000000000000000000000000000000000000000000000000000000111111 1
b0000000000000000000000000000000000000000000000000000000001000000 3
09
1:
0A
#194
b00011001010010010101110011111111 )
b00011001010010010101110011111111 *
b00011001010010010101110011111111 +
b00011001010010010101110011111111 ,
0:
1<
0>
b1111 ?
#195
b0000000000000000000000000000000000000000000000000000000001000001 -
b0000000000000000000000000000000000000000000000000000000001000000 1
b0000000000000000000000000000000000000000000000000000000001000001 3
19
1:
1A
b00011001010010011101110001110011 B
b00011001010010011101110001110011 F
#196
0:
0<
#197
b0000000000000000000000000000000000000000000000000000000001000010 -
b0000000000000000000000000000000000000000000000000000000001000001 1
b0000000000000000000000000000000000000000000000000000000001000010 3
09
1:
0A
#198
0:
1<
#199
b0000000000000000000000000000000000000000000000000000000001000011 -
b0000000000000000000000000000000000000000000000000000000001000010 1
b0000000000000000000000000000000000000000000000000000000001000011 3
19
1:
1A
#200
0:
0<
#201
b0000000000000000000000000000000000000000000000000000000001000100 -
b0000000000000000000000000000000000000000000000000000000001000011 1
b0000000000000000000000000000000000000000000000000000000001000100 3
09
1:
0A
#202
1#
1&
b00000000111010001001010001001010 )
b00000000111010001001010001001010 *
b00011001111010001001010001001010 +
b11111111111010001001010001001010 ,
b1111111111111111111111111111111100011001111010001001010001001010 /
0:
1<
1>
b0111 ?
b00101010111010001001010001001010 @
#203
b0000000000000000000000000000000000000000000000000000000001000101 -
b0000000000000000000000000000000000000000000000000000000001000100 1
b0000000000000000000000000000000000000000000000000000000001000101 3
b1111111111111111111111111111111100011001111010001001010001001010 5
19
1:
1A
b00011001111010001001010001001010 G
#204
0#
0&
0:
0<
#205
b0000000000000000000000000000000000000000000000000000000001000110 -
b0000000000000000000000000000000000000000000000000000000001000101 1
b0000000000000000000000000000000000000000000000000000000001000110 3
09
1:
0A
#206
b00101010111010001001010001001010 )
b00101010111010001001010001001010 *
b00101010111010001001010001001010 +
b00101010111010001001010001001010 ,
0:
1<
0>
b1111 ?
#207
b0000000000000000000000000000000000000000000000000000000001000111 -
b0000000000000000000000000000000000000000000000000000000001000110 1
b0000000000000000000000000000000000000000000000000000000001000111 3
19
1:
1A
b00011001111010001001010001001010 B
b00011001111010001001010001001010 F
#208
0:
0<
#209
b0000000000000000000000000000000000000000000000000000000001001000 -
b0000000000000000000000000000000000000000000000000000000001000111 1
b0000000000000000000000000000000000000000000000000000000001001000 3
09
1:
0A
#210
0:
1<
#211
b0000000000000000000000000000000000000000000000000000000001001001 -
b0000000000000000000000000000000000000000000000000000000001001000 1
b0000000000000000000000000000000000000000000000000000000001001001 3
19
1:
1A
#212
0:
0<
#213
b0000000000000000000000000000000000000000000000000000000001001010 -
b0000000000000000000000000000000000000000000000000000000001001001 1
b0000000000000000000000000000000000000000000000000000000001001010 3
09
1:
0A
#214
1#
1&
b01100010000000000101100011101100 )
b01100010000000000101100011101100 *
b01100010111010000101100011101100 +
b01100010111111110101100011101100 ,
b1111111111111111111111111111111101100010111010000101100011101100 /
0:
1<
1>
b1011 ?
b01100010010101010101100011101100 @
#215
b0000000000000000000000000000000000000000000000000000000001001011 -
b0000000000000000000000000000000000000000000000000000000001001010 1
b0000000000000000000000000000000000000000000000000000000001001011 3
b1111111111111111111111111111111101100010111010000101100011101100 5
19
1:
1A
b01100010111010000101100011101100 G
#216
0#
0&
0:
0<
#217
b0000000000000000000000000000000000000000000000000000000001001100 -
b0000000000000000000000000000000000000000000000000000000001001011 1
b0000000000000000000000000000000000000000000000000000000001001100 3
09
1:
0A
#218
b01100010010101010101100011101100 )
b01100010010101010101100011101100 *
b01100010010101010101100011101100 +
b01100010010101010101100011101100 ,
0:
1<
0>
b1111 ?
#219
b0000000000000000000000000000000000000000000000000000000001001101 -
b0000000000000000000000000000000000000000000000000000000001001100 1
b0000000000000000000000000000000000000000000000000000000001001101 3
19
1:
1A
b01100010111010000101100011101100 B
b01100010111010000101100011101100 F
#220
0:
0<
#221
b0000000000000000000000000000000000000000000000000000000001001110 -
b0000000000000000000000000000000000000000000000000000000001001101 1
b0000000000000000000000000000000000000000000000000000000001001110 3
09
1:
0A
#222
0:
1<
#223
b0000000000000000000000000000000000000000000000000000000001001111 -
b0000000000000000000000000000000000000000000000000000000001001110 1
b0000000000000000000000000000000000000000000000000000000001001111 3
19
1:
1A
#224
0:
0<
#225
b0000000000000000000000000000000000000000000000000000000001010000 -
b0000000000000000000000000000000000000000000000000000000001001111 1
b0000000000000000000000000000000000000000000000000000000001010000 3
09
1:
0A
#226
1#
1&
b00100011100011100000000000101001 )
b00100011100011100000000000101001 *
b00100011100011100101100000101001 +
b00100011100011101111111100101001 ,
b1111111111111111111111111111111100100011100011100101100000101001 /
0:
1<
1>
b1101 ?
b00100011100011100001111100101001 @
#227
b0000000000000000000000000000000000000000000000000000000001010001 -
b0000000000000000000000000000000000000000000000000000000001010000 1
b0000000000000000000000000000000000000000000000000000000001010001 3
b1111111111111111111111111111111100100011100011100101100000101001 5
19
1:
1A
b00100011100011100101100000101001 G
#228
0#
0&
0:
0<
#229
b0000000000000000000000000000000000000000000000000000000001010010 -
b0000000000000000000000000000000000000000000000000000000001010001 1
b0000000000000000000000000000000000000000000000000000000001010010 3
09
1:
0A
#230
b00100011100011100001111100101001 )
b00100011100011100001111100101001 *
b00100011100011100001111100101001 +
b00100011100011100001111100101001 ,
0:
1<
0>
b1111 ?
#231
b0000000000000000000000000000000000000000000000000000000001010011 -
b0000000000000000000000000000000000000000000000000000000001010010 1
b0000000000000000000000000000000000000000000000000000000001010011 3
19
1:
1A
b00100011100011100101100000101001 B
b00100011100011100101100000101001 F
#232
0:
0<
#233
b0000000000000000000000000000000000000000000000000000000001010100 -
b0000000000000000000000000000000000000000000000000000000001010011 1
b0000000000000000000000000000000000000000000000000000000001010100 3
09
1:
0A
#234
0:
1<
#235
b0000000000000000000000000000000000000000000000000000000001010101 -
b0000000000000000000000000000000000000000000000000000000001010100 1
b0000000000000000000000000000000000000000000000000000000001010101 3
19
1:
1A
#236
0:
0<
#237
b0000000000000000000000000000000000000000000000000000000001010110 -
b0000000000000000000000000000000000000000000000000000000001010101 1
b0000000000000000000000000000000000000000000000000000000001010110 3
09
1:
0A
#238
1#
1&
b01000110111010000111110001010101 )
b01000110111010000111110000000000 *
b01000110111010000111110000101001 +
b01000110111010000111110011111111 ,
b1111111111111111111111111111111101000110111010000111110000101001 /
0:
1<
1>
b1110 ?
b01000110111010000111110011001101 @
#239
b01000110111010000111110001010110 )
b0000000000000000000000000000000000000000000000000000000001010111 -
b0000000000000000000000000000000000000000000000000000000001010110 1
b0000000000000000000000000000000000000000000000000000000001010111 3
b1111111111111111111111111111111101000110111010000111110000101001 5
19
1:
1A
b01000110111010000111110000101001 G
#240
0#
0&
0:
0<
#241
b01000110111010000111110001010111 )
b0000000000000000000000000000000000000000000000000000000001011000 -
b0000000000000000000000000000000000000000000000000000000001010111 1
b0000000000000000000000000000000000000000000000000000000001011000 3
09
1:
0A
#242
b01000110111010000111110011001101 )
b01000110111010000111110011001101 *
b01000110111010000111110011001101 +
b01000110111010000111110011001101 ,
0:
1<
0>
b1111 ?
#243
b0000000000000000000000000000000000000000000000000000000001011001 -
b0000000000000000000000000000000000000000000000000000000001011000 1
b0000000000000000000000000000000000000000000000000000000001011001 3
19
1:
1A
b01000110111010000111110000101001 B
b01000110111010000111110000101001 F
#244
0:
0<
#245
b0000000000000000000000000000000000000000000000000000000001011010 -
b0000000000000000000000000000000000000000000000000000000001011001 1
b0000000000000000000000000000000000000000000000000000000001011010 3
09
1:
0A
#246
0:
1<
#247
b0000000000000000000000000000000000000000000000000000000001011011 -
b0000000000000000000000000000000000000000000000000000000001011010 1
b0000000000000000000000000000000000000000000000000000000001011011 3
19
1:
1A
#248
0:
0<
#249
b0000000000000000000000000000000000000000000000000000000001011100 -
b0000000000000000000000000000000000000000000000000000000001011011 1
b0000000000000000000000000000000000000000000000000000000001011100 3
09
1:
0A
#250
1#
1&
b00111101000110110101100010111010 )
b00111101000110110101100010111010 *
b00111101000110110101100010111010 +
b00111101000110110101100010111010 ,
b1111111111111111111111111111111100111101000110110101100010111010 /
0:
1<
1>
b00111101000110110101100010111010 @
#251
b0000000000000000000000000000000000000000000000000000000001011101 -
b0000000000000000000000000000000000000000000000000000000001011100 1
b0000000000000000000000000000000000000000000000000000000001011101 3
b1111111111111111111111111111111100111101000110110101100010111010 5
19
1:
1A
b00111101000110110101100010111010 G
#252
0#
0&
0:
0<
#253
b0000000000000000000000000000000000000000000000000000000001011110 -
b0000000000000000000000000000000000000000000000000000000001011101 1
b0000000000000000000000000000000000000000000000000000000001011110 3
09
1:
0A
#254
0:
1<
0>
#255
b0000000000000000000000000000000000000000000000000000000001011111 -
b0000000000000000000000000000000000000000000000000000000001011110 1
b0000000000000000000000000000000000000000000000000000000001011111 3
19
1:
1A
b00111101000110110101100010111010 B
b00111101000110110101100010111010 F
#256
0:
0<
#257
b0000000000000000000000000000000000000000000000000000000001100000 -
b0000000000000000000000000000000000000000000000000000000001011111 1
b0000000000000000000000000000000000000000000000000000000001100000 3
09
1:
0A
#258
0:
1<
b00000000000000000000000000001100 =
b11111111111111111111111111111111 G
#259
b0000000000000000000000000000000000000000000000000000000001100001 -
b0000000000000000000000000000000000000000000000000000000001100000 1
b0000000000000000000000000000000000000000000000000000000001100001 3
19
1:
1A
b11111111111111111111111111111111 B
b11111111111111111111111111111111 F
#260
0:
0<
#261
b0000000000000000000000000000000000000000000000000000000001100010 -
b0000000000000000000000000000000000000000000000000000000001100001 1
b0000000000000000000000000000000000000000000000000000000001100010 3
09
1:
0A
#262
1#
1'
b00010010001101000101011001111000 )
b00010010001101000101011001111000 *
b00010010001101000101011001111000 +
b00010010001101000101011001111000 ,
b0001001000110100010101100111100000111101000110110101100010111010 /
0:
1<
1>
b00010010001101000101011001111000 @
#263
b0000000000000000000000000000000000000000000000000000000001100011 -
b0000000000000000000000000000000000000000000000000000000001100010 1
b0000000000000000000000000000000000000000000000000000000001100011 3
b0001001000110100010101100111100000111101000110110101100010111010 5
19
1:
1A
b00010010001101000101011001111000 G
#264
0#
0'
0:
0<
#265
b0000000000000000000000000000000000000000000000000000000001100100 -
b0000000000000000000000000000000000000000000000000000000001100011 1
b0000000000000000000000000000000000000000000000000000000001100100 3
09
1:
0A
#266
0:
1<
0>
#267
b0000000000000000000000000000000000000000000000000000000001100101 -
b0000000000000000000000000000000000000000000000000000000001100100 1
b0000000000000000000000000000000000000000000000000000000001100101 3
19
1:
1A
b00010010001101000101011001111000 B
b00010010001101000101011001111000 F
#268
0:
0<
#269
b0000000000000000000000000000000000000000000000000000000001100110 -
b0000000000000000000000000000000000000000000000000000000001100101 1
b0000000000000000000000000000000000000000000000000000000001100110 3
09
1:
0A
#270
0:
1<
b00000000000000000000000000001000 =
b00111101000110110101100010111010 G
#271
b0000000000000000000000000000000000000000000000000000000001100111 -
b0000000000000000000000000000000000000000000000000000000001100110 1
b0000000000000000000000000000000000000000000000000000000001100111 3
19
1:
1A
b00111101000110110101100010111010 B
b00111101000110110101100010111010 F
#272
0:
0<
#273
b0000000000000000000000000000000000000000000000000000000001101000 -
b0000000000000000000000000000000000000000000000000000000001100111 1
b0000000000000000000000000000000000000000000000000000000001101000 3
09
1:
0A
#274
1#
1&
b00000000000000000000000001100111 )
b00000000000000000000000000000000 *
b00111101000110110101100010111010 +
0:
1<
1>
b0000 ?
b11111111111111111111111111111111 @
#275
b00000000000000000000000001101000 )
b0000000000000000000000000000000000000000000000000000000001101001 -
b0000000000000000000000000000000000000000000000000000000001101000 1
b0000000000000000000000000000000000000000000000000000000001101001 3
19
1:
1A
#276
0#
0&
0:
0<
#277
b00000000000000000000000001101001 )
b0000000000000000000000000000000000000000000000000000000001101010 -
b0000000000000000000000000000000000000000000000000000000001101001 1
b0000000000000000000000000000000000000000000000000000000001101010 3
09
1:
0A
#278
b11111111111111111111111111111111 )
b11111111111111111111111111111111 *
b11111111111111111111111111111111 +
b11111111111111111111111111111111 ,
0:
1<
0>
b1111 ?
#279
b0000000000000000000000000000000000000000000000000000000001101011 -
b0000000000000000000000000000000000000000000000000000000001101010 1
b0000000000000000000000000000000000000000000000000000000001101011 3
19
1:
1A
#280
0:
0<
#281
b0000000000000000000000000000000000000000000000000000000001101100 -
b0000000000000000000000000000000000000000000000000000000001101011 1
b0000000000000000000000000000000000000000000000000000000001101100 3
09
1:
0A
#282
b0000000000000000000000000000000000000000000000000000000000000001 -
b1111111111111111111111111111111111111111111111111111111111111111 /
b0000000000000000000000000000000000000000000000000000000000000000 1
b0000000000000000000000000000000000000000000000000000000000000001 3
b1111111111111111111111111111111111111111111111111111111111111111 5
0:
0;
b11111111111111111111111111111111 G
#283
1:
#284
0:
#285
1:
#286
0:
#287
1:
#288
0:
#289
1:
#290
0:
#291
1:
#292
0:
1;
#293
b0000000000000000000000000000000000000000000000000000000000000010 -
b0000000000000000000000000000000000000000000000000000000000000001 1
b0000000000000000000000000000000000000000000000000000000000000010 3
1:
#294
0:
#295
b0000000000000000000000000000000000000000000000000000000000000011 -
b0000000000000000000000000000000000000000000000000000000000000010 1
b0000000000000000000000000000000000000000000000000000000000000011 3
1:
#296
0:
#297
b0000000000000000000000000000000000000000000000000000000000000100 -
b0000000000000000000000000000000000000000000000000000000000000011 1
b0000000000000000000000000000000000000000000000000000000000000100 3
1:
#298
0:
#299
b0000000000000000000000000000000000000000000000000000000000000101 -
b0000000000000000000000000000000000000000000000000000000000000100 1
b0000000000000000000000000000000000000000000000000000000000000101 3
1:
#300
0:
#301
b0000000000000000000000000000000000000000000000000000000000000110 -
b0000000000000000000000000000000000000000000000000000000000000101 1
b0000000000000000000000000000000000000000000000000000000000000110 3
1:
#302
1#
1$
b11111111111111111111111111110000 )
b11111111111111111111111111110000 *
b11111111111111111111111111110000 +
b11111111111111111111111111110000 ,
b0000000000000000000000000000000011111111111111111111111111110000 -
0:
1<
b00000000000000000000000000000000 =
1>
b11111111111111111111111111110000 @
b00000000000000000000000000000101 G
#303
b0000000000000000000000000000000011111111111111111111111111110000 1
b0000000000000000000000000000000011111111111111111111111111110001 3
19
1:
1A
b00000000000000000000000000000101 B
b00000000000000000000000000000101 F
b11111111111111111111111111110000 G
#304
0#
0$
b0000000000000000000000000000000011111111111111111111111111110001 -
0:
0<
0>
#305
b0000000000000000000000000000000011111111111111111111111111110010 -
b0000000000000000000000000000000011111111111111111111111111110001 1
b0000000000000000000000000000000011111111111111111111111111110010 3
09
1:
0A
b11111111111111111111111111110001 G
#306
1#
1%
b11111111111111111111111111111111 )
b11111111111111111111111111111111 *
b11111111111111111111111111111111 +
b11111111111111111111111111111111 ,
b1111111111111111111111111111111111111111111111111111111111110010 -
0:
1<
b00000000000000000000000000000100 =
1>
b11111111111111111111111111111111 @
b00000000000000000000000000000000 G
#307
b1111111111111111111111111111111111111111111111111111111111110011 -
b1111111111111111111111111111111111111111111111111111111111110010 1
b1111111111111111111111111111111111111111111111111111111111110011 3
19
1:
1A
b00000000000000000000000000000000 B
b00000000000000000000000000000000 F
b11111111111111111111111111111111 G
#308
0#
0%
0:
0<
0>
#309
b1111111111111111111111111111111111111111111111111111111111110100 -
b1111111111111111111111111111111111111111111111111111111111110011 1
b1111111111111111111111111111111111111111111111111111111111110100 3
09
1:
0A
#310
0:
#311
b1111111111111111111111111111111111111111111111111111111111110101 -
b1111111111111111111111111111111111111111111111111111111111110100 1
b1111111111111111111111111111111111111111111111111111111111110101 3
1:
#312
0:
#313
b1111111111111111111111111111111111111111111111111111111111110110 -
b1111111111111111111111111111111111111111111111111111111111110101 1
b1111111111111111111111111111111111111111111111111111111111110110 3
1:
#314
0:
#315
b1111111111111111111111111111111111111111111111111111111111110111 -
b1111111111111111111111111111111111111111111111111111111111110110 1
b1111111111111111111111111111111111111111111111111111111111110111 3
1:
#316
0:
#317
b1111111111111111111111111111111111111111111111111111111111111000 -
b1111111111111111111111111111111111111111111111111111111111110111 1
b1111111111111111111111111111111111111111111111111111111111111000 3
1:
#318
0:
#319
b1111111111111111111111111111111111111111111111111111111111111001 -
b1111111111111111111111111111111111111111111111111111111111111000 1
b1111111111111111111111111111111111111111111111111111111111111001 3
1:
#320
0:
#321
b1111111111111111111111111111111111111111111111111111111111111010 -
b1111111111111111111111111111111111111111111111111111111111111001 1
b1111111111111111111111111111111111111111111111111111111111111010 3
1:
#322
0:
#323
b1111111111111111111111111111111111111111111111111111111111111011 -
b1111111111111111111111111111111111111111111111111111111111111010 1
b1111111111111111111111111111111111111111111111111111111111111011 3
1:
#324
0:
#325
b1111111111111111111111111111111111111111111111111111111111111100 -
b1111111111111111111111111111111111111111111111111111111111111011 1
b1111111111111111111111111111111111111111111111111111111111111100 3
1:
#326
0:
#327
b1111111111111111111111111111111111111111111111111111111111111101 -
b1111111111111111111111111111111111111111111111111111111111111100 1
b1111111111111111111111111111111111111111111111111111111111111101 3
1:
#328
0:
#329
b1111111111111111111111111111111111111111111111111111111111111110 -
b1111111111111111111111111111111111111111111111111111111111111101 1
b1111111111111111111111111111111111111111111111111111111111111110 3
1:
#330
0:
#331
b1111111111111111111111111111111111111111111111111111111111111111 -
b1111111111111111111111111111111111111111111111111111111111111110 1
b1111111111111111111111111111111111111111111111111111111111111111 3
1:
#332
0:
#333
b0000000000000000000000000000000000000000000000000000000000000000 -
b1111111111111111111111111111111111111111111111111111111111111111 1
b0000000000000000000000000000000000000000000000000000000000000000 3
18
1:
#334
0:
#335
b0000000000000000000000000000000000000000000000000000000000000001 -
b0000000000000000000000000000000000000000000000000000000000000000 1
b0000000000000000000000000000000000000000000000000000000000000001 3
17
08
1:
1D
b00000000000000000000000000000000 G
#336
07
0:
0;
0D
#337
1:
#338
0:
#339
1:
#340
0:
#341
1:
#342
0:
#343
1:
#344
0:
#345
1:
#346
0:
1;
#347
b0000000000000000000000000000000000000000000000000000000000000010 -
b0000000000000000000000000000000000000000000000000000000000000001 1
b0000000000000000000000000000000000000000000000000000000000000010 3
1:
#348
0:
#349
b0000000000000000000000000000000000000000000000000000000000000011 -
b0000000000000000000000000000000000000000000000000000000000000010 1
b0000000000000000000000000000000000000000000000000000000000000011 3
1:
#350
0:
#351
b0000000000000000000000000000000000000000000000000000000000000100 -
b0000000000000000000000000000000000000000000000000000000000000011 1
b0000000000000000000000000000000000000000000000000000000000000100 3
1:
#352
0:
#353
b0000000000000000000000000000000000000000000000000000000000000101 -
b0000000000000000000000000000000000000000000000000000000000000100 1
b0000000000000000000000000000000000000000000000000000000000000101 3
1:
#354
0:
#355
b0000000000000000000000000000000000000000000000000000000000000110 -
b0000000000000000000000000000000000000000000000000000000000000101 1
b0000000000000000000000000000000000000000000000000000000000000110 3
1:
#356
1#
1$
b00000000000000000001001000110100 )
b00000000000000000001001000110100 *
b00000000000000000001001000110100 +
b00000000000000000001001000110100 ,
b0000000000000000000000000000000000000000000000000001001000110100 -
0:
1<
b00000000000000000000000000000000 =
1>
b00000000000000000001001000110100 @
b00000000000000000000000000000101 G
#357
b0000000000000000000000000000000000000000000000000001001000110100 1
b0000000000000000000000000000000000000000000000000001001000110101 3
19
1:
1A
b00000000000000000000000000000101 B
b00000000000000000000000000000101 F
b00000000000000000001001000110100 G
#358
0#
0$
b0000000000000000000000000000000000000000000000000001001000110101 -
0:
0<
0>
#359
b0000000000000000000000000000000000000000000000000001001000110110 -
b0000000000000000000000000000000000000000000000000001001000110101 1
b0000000000000000000000000000000000000000000000000001001000110110 3
09
1:
0A
b00000000000000000001001000110101 G
#360
0:
1<
#361
b0000000000000000000000000000000000000000000000000001001000110111 -
b0000000000000000000000000000000000000000000000000001001000110110 1
b0000000000000000000000000000000000000000000000000001001000110111 3
19
1:
1A
b00000000000000000001001000110101 B
b00000000000000000001001000110101 F
b00000000000000000001001000110110 G
#362
0:
0<
#363
b0000000000000000000000000000000000000000000000000001001000111000 -
b0000000000000000000000000000000000000000000000000001001000110111 1
b0000000000000000000000000000000000000000000000000001001000111000 3
09
1:
0A
b00000000000000000001001000110111 G
#364
b0000000000000000000000000000000000000000000000000000000000000001 -
b0000000000000000000000000000000000000000000000000000000000000000 1
b0000000000000000000000000000000000000000000000000000000000000001 3
0:
0;
b00000000000000000000000000000000 G
#365
1:
#366
0:
#367
1:
#368
0:
#369
1:
#370
0:
#371
1:
#372
0:
#373
1:
#374
0:
1;
#375
b0000000000000000000000000000000000000000000000000000000000000010 -
b0000000000000000000000000000000000000000000000000000000000000001 1
b0000000000000000000000000000000000000000000000000000000000000010 3
1:
b00000000000000000000000000000001 G
#376
0:
#377
b0000000000000000000000000000000000000000000000000000000000000011 -
b0000000000000000000000000000000000000000000000000000000000000010 1
b0000000000000000000000000000000000000000000000000000000000000011 3
1:
b00000000000000000000000000000010 G
#378
0:
#379
b0000000000000000000000000000000000000000000000000000000000000100 -
b0000000000000000000000000000000000000000000000000000000000000011 1
b0000000000000000000000000000000000000000000000000000000000000100 3
1:
b00000000000000000000000000000011 G
#380
0:
#381
b0000000000000000000000000000000000000000000000000000000000000101 -
b0000000000000000000000000000000000000000000000000000000000000100 1
b0000000000000000000000000000000000000000000000000000000000000101 3
1:
b00000000000000000000000000000100 G
#382
0:
#383
b0000000000000000000000000000000000000000000000000000000000000110 -
b0000000000000000000000000000000000000000000000000000000000000101 1
b0000000000000000000000000000000000000000000000000000000000000110 3
1:
b00000000000000000000000000000101 G
#384
1#
1&
b00000000000000000000000001100100 )
b00000000000000000000000001100100 *
b00000000000000000000000001100100 +
b00000000000000000000000001100100 ,
b1111111111111111111111111111111100000000000000000000000001100100 /
0:
1<
b00000000000000000000000000001000 =
1>
b00000000000000000000000001100100 @
b11111111111111111111111111111111 G
#385
b0000000000000000000000000000000000000000000000000000000000000111 -
b0000000000000000000000000000000000000000000000000000000000000110 1
b0000000000000000000000000000000000000000000000000000000000000111 3
b1111111111111111111111111111111100000000000000000000000001100100 5
19
1:
1A
b11111111111111111111111111111111 B
b11111111111111111111111111111111 F
b00000000000000000000000001100100 G
#386
0#
0&
0:
0<
0>
#387
b0000000000000000000000000000000000000000000000000000000000001000 -
b0000000000000000000000000000000000000000000000000000000000000111 1
b0000000000000000000000000000000000000000000000000000000000001000 3
09
1:
0A
#388
1#
1'
b00000000000000000000000000000000 )
b00000000000000000000000000000000 *
b00000000000000000000000000000000 +
b00000000000000000000000000000000 ,
b0000000000000000000000000000000000000000000000000000000001100100 /
0:
1<
b00000000000000000000000000001100 =
1>
b00000000000000000000000000000000 @
b11111111111111111111111111111111 G
#389
b0000000000000000000000000000000000000000000000000000000000001001 -
b0000000000000000000000000000000000000000000000000000000000001000 1
b0000000000000000000000000000000000000000000000000000000000001001 3
b0000000000000000000000000000000000000000000000000000000001100100 5
19
1:
1A
b00000000000000000000000000000000 G
#390
0#
0'
0:
0<
0>
#391
b0000000000000000000000000000000000000000000000000000000000001010 -
b0000000000000000000000000000000000000000000000000000000000001001 1
b0000000000000000000000000000000000000000000000000000000000001010 3
09
1:
0A
#392
0:
#393
b0000000000000000000000000000000000000000000000000000000000001011 -
b0000000000000000000000000000000000000000000000000000000000001010 1
b0000000000000000000000000000000000000000000000000000000000001011 3
1:
#394
0:
#395
b0000000000000000000000000000000000000000000000000000000000001100 -
b0000000000000000000000000000000000000000000000000000000000001011 1
b0000000000000000000000000000000000000000000000000000000000001100 3
1:
#396
0:
#397
b0000000000000000000000000000000000000000000000000000000000001101 -
b0000000000000000000000000000000000000000000000000000000000001100 1
b0000000000000000000000000000000000000000000000000000000000001101 3
1:
#398
0:
#399
b0000000000000000000000000000000000000000000000000000000000001110 -
b0000000000000000000000000000000000000000000000000000000000001101 1
b0000000000000000000000000000000000000000000000000000000000001110 3
1:
#400
0:
#401
b0000000000000000000000000000000000000000000000000000000000001111 -
b0000000000000000000000000000000000000000000000000000000000001110 1
b0000000000000000000000000000000000000000000000000000000000001111 3
1:
#402
0:
#403
b0000000000000000000000000000000000000000000000000000000000010000 -
b0000000000000000000000000000000000000000000000000000000000001111 1
b0000000000000000000000000000000000000000000000000000000000010000 3
1:
#404
0:
#405
b0000000000000000000000000000000000000000000000000000000000010001 -
b0000000000000000000000000000000000000000000000000000000000010000 1
b0000000000000000000000000000000000000000000000000000000000010001 3
1:
#406
0:
#407
b0000000000000000000000000000000000000000000000000000000000010010 -
b0000000000000000000000000000000000000000000000000000000000010001 1
b0000000000000000000000000000000000000000000000000000000000010010 3
1:
#408
0:
#409
b0000000000000000000000000000000000000000000000000000000000010011 -
b0000000000000000000000000000000000000000000000000000000000010010 1
b0000000000000000000000000000000000000000000000000000000000010011 3
1:
#410
0:
#411
b0000000000000000000000000000000000000000000000000000000000010100 -
b0000000000000000000000000000000000000000000000000000000000010011 1
b0000000000000000000000000000000000000000000000000000000000010100 3
1:
#412
0:
#413
b0000000000000000000000000000000000000000000000000000000000010101 -
b0000000000000000000000000000000000000000000000000000000000010100 1
b0000000000000000000000000000000000000000000000000000000000010101 3
1:
#414
0:
#415
b0000000000000000000000000000000000000000000000000000000000010110 -
b0000000000000000000000000000000000000000000000000000000000010101 1
b0000000000000000000000000000000000000000000000000000000000010110 3
1:
#416
0:
#417
b0000000000000000000000000000000000000000000000000000000000010111 -
b0000000000000000000000000000000000000000000000000000000000010110 1
b0000000000000000000000000000000000000000000000000000000000010111 3
1:
#418
0:
#419
b0000000000000000000000000000000000000000000000000000000000011000 -
b0000000000000000000000000000000000000000000000000000000000010111 1
b0000000000000000000000000000000000000000000000000000000000011000 3
1:
#420
0:
#421
b0000000000000000000000000000000000000000000000000000000000011001 -
b0000000000000000000000000000000000000000000000000000000000011000 1
b0000000000000000000000000000000000000000000000000000000000011001 3
1:
#422
0:
#423
b0000000000000000000000000000000000000000000000000000000000011010 -
b0000000000000000000000000000000000000000000000000000000000011001 1
b0000000000000000000000000000000000000000000000000000000000011010 3
1:
#424
0:
#425
b0000000000000000000000000000000000000000000000000000000000011011 -
b0000000000000000000000000000000000000000000000000000000000011010 1
b0000000000000000000000000000000000000000000000000000000000011011 3
1:
#426
0:
#427
b0000000000000000000000000000000000000000000000000000000000011100 -
b0000000000000000000000000000000000000000000000000000000000011011 1
b0000000000000000000000000000000000000000000000000000000000011100 3
1:
#428
0:
#429
b0000000000000000000000000000000000000000000000000000000000011101 -
b0000000000000000000000000000000000000000000000000000000000011100 1
b0000000000000000000000000000000000000000000000000000000000011101 3
1:
#430
0:
#431
b0000000000000000000000000000000000000000000000000000000000011110 -
b0000000000000000000000000000000000000000000000000000000000011101 1
b0000000000000000000000000000000000000000000000000000000000011110 3
1:
#432
0:
#433
b0000000000000000000000000000000000000000000000000000000000011111 -
b0000000000000000000000000000000000000000000000000000000000011110 1
b0000000000000000000000000000000000000000000000000000000000011111 3
1:
#434
0:
#435
b0000000000000000000000000000000000000000000000000000000000100000 -
b0000000000000000000000000000000000000000000000000000000000011111 1
b0000000000000000000000000000000000000000000000000000000000100000 3
1:
#436
0:
#437
b0000000000000000000000000000000000000000000000000000000000100001 -
b0000000000000000000000000000000000000000000000000000000000100000 1
b0000000000000000000000000000000000000000000000000000000000100001 3
1:
#438
0:
#439
b0000000000000000000000000000000000000000000000000000000000100010 -
b0000000000000000000000000000000000000000000000000000000000100001 1
b0000000000000000000000000000000000000000000000000000000000100010 3
1:
#440
0:
#441
b0000000000000000000000000000000000000000000000000000000000100011 -
b0000000000000000000000000000000000000000000000000000000000100010 1
b0000000000000000000000000000000000000000000000000000000000100011 3
1:
#442
0:
#443
b0000000000000000000000000000000000000000000000000000000000100100 -
b0000000000000000000000000000000000000000000000000000000000100011 1
b0000000000000000000000000000000000000000000000000000000000100100 3
1:
#444
0:
#445
b0000000000000000000000000000000000000000000000000000000000100101 -
b0000000000000000000000000000000000000000000000000000000000100100 1
b0000000000000000000000000000000000000000000000000000000000100101 3
1:
#446
0:
#447
b0000000000000000000000000000000000000000000000000000000000100110 -
b0000000000000000000000000000000000000000000000000000000000100101 1
b0000000000000000000000000000000000000000000000000000000000100110 3
1:
#448
0:
#449
b0000000000000000000000000000000000000000000000000000000000100111 -
b0000000000000000000000000000000000000000000000000000000000100110 1
b0000000000000000000000000000000000000000000000000000000000100111 3
1:
#450
0:
#451
b0000000000000000000000000000000000000000000000000000000000101000 -
b0000000000000000000000000000000000000000000000000000000000100111 1
b0000000000000000000000000000000000000000000000000000000000101000 3
1:
#452
0:
#453
b0000000000000000000000000000000000000000000000000000000000101001 -
b0000000000000000000000000000000000000000000000000000000000101000 1
b0000000000000000000000000000000000000000000000000000000000101001 3
1:
#454
0:
#455
b0000000000000000000000000000000000000000000000000000000000101010 -
b0000000000000000000000000000000000000000000000000000000000101001 1
b0000000000000000000000000000000000000000000000000000000000101010 3
1:
#456
0:
#457
b0000000000000000000000000000000000000000000000000000000000101011 -
b0000000000000000000000000000000000000000000000000000000000101010 1
b0000000000000000000000000000000000000000000000000000000000101011 3
1:
#458
0:
#459
b0000000000000000000000000000000000000000000000000000000000101100 -
b0000000000000000000000000000000000000000000000000000000000101011 1
b0000000000000000000000000000000000000000000000000000000000101100 3
1:
#460
0:
#461
b0000000000000000000000000000000000000000000000000000000000101101 -
b0000000000000000000000000000000000000000000000000000000000101100 1
b0000000000000000000000000000000000000000000000000000000000101101 3
1:
#462
0:
#463
b0000000000000000000000000000000000000000000000000000000000101110 -
b0000000000000000000000000000000000000000000000000000000000101101 1
b0000000000000000000000000000000000000000000000000000000000101110 3
1:
#464
0:
#465
b0000000000000000000000000000000000000000000000000000000000101111 -
b0000000000000000000000000000000000000000000000000000000000101110 1
b0000000000000000000000000000000000000000000000000000000000101111 3
1:
#466
0:
#467
b0000000000000000000000000000000000000000000000000000000000110000 -
b0000000000000000000000000000000000000000000000000000000000101111 1
b0000000000000000000000000000000000000000000000000000000000110000 3
1:
#468
0:
#469
b0000000000000000000000000000000000000000000000000000000000110001 -
b0000000000000000000000000000000000000000000000000000000000110000 1
b0000000000000000000000000000000000000000000000000000000000110001 3
1:
#470
0:
#471
b0000000000000000000000000000000000000000000000000000000000110010 -
b0000000000000000000000000000000000000000000000000000000000110001 1
b0000000000000000000000000000000000000000000000000000000000110010 3
1:
#472
0:
#473
b0000000000000000000000000000000000000000000000000000000000110011 -
b0000000000000000000000000000000000000000000000000000000000110010 1
b0000000000000000000000000000000000000000000000000000000000110011 3
1:
#474
0:
#475
b0000000000000000000000000000000000000000000000000000000000110100 -
b0000000000000000000000000000000000000000000000000000000000110011 1
b0000000000000000000000000000000000000000000000000000000000110100 3
1:
#476
0:
#477
b0000000000000000000000000000000000000000000000000000000000110101 -
b0000000000000000000000000000000000000000000000000000000000110100 1
b0000000000000000000000000000000000000000000000000000000000110101 3
1:
#478
0:
#479
b0000000000000000000000000000000000000000000000000000000000110110 -
b0000000000000000000000000000000000000000000000000000000000110101 1
b0000000000000000000000000000000000000000000000000000000000110110 3
1:
#480
0:
#481
b0000000000000000000000000000000000000000000000000000000000110111 -
b0000000000000000000000000000000000000000000000000000000000110110 1
b0000000000000000000000000000000000000000000000000000000000110111 3
1:
#482
0:
#483
b0000000000000000000000000000000000000000000000000000000000111000 -
b0000000000000000000000000000000000000000000000000000000000110111 1
b0000000000000000000000000000000000000000000000000000000000111000 3
1:
#484
0:
#485
b0000000000000000000000000000000000000000000000000000000000111001 -
b0000000000000000000000000000000000000000000000000000000000111000 1
b0000000000000000000000000000000000000000000000000000000000111001 3
1:
#486
0:
#487
b0000000000000000000000000000000000000000000000000000000000111010 -
b0000000000000000000000000000000000000000000000000000000000111001 1
b0000000000000000000000000000000000000000000000000000000000111010 3
1:
#488
0:
#489
b0000000000000000000000000000000000000000000000000000000000111011 -
b0000000000000000000000000000000000000000000000000000000000111010 1
b0000000000000000000000000000000000000000000000000000000000111011 3
1:
#490
0:
#491
b0000000000000000000000000000000000000000000000000000000000111100 -
b0000000000000000000000000000000000000000000000000000000000111011 1
b0000000000000000000000000000000000000000000000000000000000111100 3
1:
#492
0:
#493
b0000000000000000000000000000000000000000000000000000000000111101 -
b0000000000000000000000000000000000000000000000000000000000111100 1
b0000000000000000000000000000000000000000000000000000000000111101 3
1:
#494
0:
#495
b0000000000000000000000000000000000000000000000000000000000111110 -
b0000000000000000000000000000000000000000000000000000000000111101 1
b0000000000000000000000000000000000000000000000000000000000111110 3
1:
#496
0:
#497
b0000000000000000000000000000000000000000000000000000000000111111 -
b0000000000000000000000000000000000000000000000000000000000111110 1
b0000000000000000000000000000000000000000000000000000000000111111 3
1:
#498
0:
#499
b0000000000000000000000000000000000000000000000000000000001000000 -
b0000000000000000000000000000000000000000000000000000000000111111 1
b0000000000000000000000000000000000000000000000000000000001000000 3
1:
#500
0:
#501
b0000000000000000000000000000000000000000000000000000000001000001 -
b0000000000000000000000000000000000000000000000000000000001000000 1
b0000000000000000000000000000000000000000000000000000000001000001 3
1:
#502
0:
#503
b0000000000000000000000000000000000000000000000000000000001000010 -
b0000000000000000000000000000000000000000000000000000000001000001 1
b0000000000000000000000000000000000000000000000000000000001000010 3
1:
#504
0:
#505
b0000000000000000000000000000000000000000000000000000000001000011 -
b0000000000000000000000000000000000000000000000000000000001000010 1
b0000000000000000000000000000000000000000000000000000000001000011 3
1:
#506
0:
#507
b0000000000000000000000000000000000000000000000000000000001000100 -
b0000000000000000000000000000000000000000000000000000000001000011 1
b0000000000000000000000000000000000000000000000000000000001000100 3
1:
#508
0:
#509
b0000000000000000000000000000000000000000000000000000000001000101 -
b0000000000000000000000000000000000000000000000000000000001000100 1
b0000000000000000000000000000000000000000000000000000000001000101 3
1:
#510
0:
#511
b0000000000000000000000000000000000000000000000000000000001000110 -
b0000000000000000000000000000000000000000000000000000000001000101 1
b0000000000000000000000000000000000000000000000000000000001000110 3
1:
#512
0:
#513
b0000000000000000000000000000000000000000000000000000000001000111 -
b0000000000000000000000000000000000000000000000000000000001000110 1
b0000000000000000000000000000000000000000000000000000000001000111 3
1:
#514
0:
#515
b0000000000000000000000000000000000000000000000000000000001001000 -
b0000000000000000000000000000000000000000000000000000000001000111 1
b0000000000000000000000000000000000000000000000000000000001001000 3
1:
#516
0:
#517
b0000000000000000000000000000000000000000000000000000000001001001 -
b0000000000000000000000000000000000000000000000000000000001001000 1
b0000000000000000000000000000000000000000000000000000000001001001 3
1:
#518
0:
#519
b0000000000000000000000000000000000000000000000000000000001001010 -
b0000000000000000000000000000000000000000000000000000000001001001 1
b0000000000000000000000000000000000000000000000000000000001001010 3
1:
#520
0:
#521
b0000000000000000000000000000000000000000000000000000000001001011 -
b0000000000000000000000000000000000000000000000000000000001001010 1
b0000000000000000000000000000000000000000000000000000000001001011 3
1:
#522
0:
#523
b0000000000000000000000000000000000000000000000000000000001001100 -
b0000000000000000000000000000000000000000000000000000000001001011 1
b0000000000000000000000000000000000000000000000000000000001001100 3
1:
#524
0:
#525
b0000000000000000000000000000000000000000000000000000000001001101 -
b0000000000000000000000000000000000000000000000000000000001001100 1
b0000000000000000000000000000000000000000000000000000000001001101 3
1:
#526
0:
#527
b0000000000000000000000000000000000000000000000000000000001001110 -
b0000000000000000000000000000000000000000000000000000000001001101 1
b0000000000000000000000000000000000000000000000000000000001001110 3
1:
#528
0:
#529
b0000000000000000000000000000000000000000000000000000000001001111 -
b0000000000000000000000000000000000000000000000000000000001001110 1
b0000000000000000000000000000000000000000000000000000000001001111 3
1:
#530
0:
#531
b0000000000000000000000000000000000000000000000000000000001010000 -
b0000000000000000000000000000000000000000000000000000000001001111 1
b0000000000000000000000000000000000000000000000000000000001010000 3
1:
#532
0:
#533
b0000000000000000000000000000000000000000000000000000000001010001 -
b0000000000000000000000000000000000000000000000000000000001010000 1
b0000000000000000000000000000000000000000000000000000000001010001 3
1:
#534
0:
#535
b0000000000000000000000000000000000000000000000000000000001010010 -
b0000000000000000000000000000000000000000000000000000000001010001 1
b0000000000000000000000000000000000000000000000000000000001010010 3
1:
#536
0:
#537
b0000000000000000000000000000000000000000000000000000000001010011 -
b0000000000000000000000000000000000000000000000000000000001010010 1
b0000000000000000000000000000000000000000000000000000000001010011 3
1:
#538
0:
#539
b0000000000000000000000000000000000000000000000000000000001010100 -
b0000000000000000000000000000000000000000000000000000000001010011 1
b0000000000000000000000000000000000000000000000000000000001010100 3
1:
#540
0:
#541
b0000000000000000000000000000000000000000000000000000000001010101 -
b0000000000000000000000000000000000000000000000000000000001010100 1
b0000000000000000000000000000000000000000000000000000000001010101 3
1:
#542
0:
#543
b0000000000000000000000000000000000000000000000000000000001010110 -
b0000000000000000000000000000000000000000000000000000000001010101 1
b0000000000000000000000000000000000000000000000000000000001010110 3
1:
#544
0:
#545
b0000000000000000000000000000000000000000000000000000000001010111 -
b0000000000000000000000000000000000000000000000000000000001010110 1
b0000000000000000000000000000000000000000000000000000000001010111 3
1:
#546
0:
#547
b0000000000000000000000000000000000000000000000000000000001011000 -
b0000000000000000000000000000000000000000000000000000000001010111 1
b0000000000000000000000000000000000000000000000000000000001011000 3
1:
#548
0:
#549
b0000000000000000000000000000000000000000000000000000000001011001 -
b0000000000000000000000000000000000000000000000000000000001011000 1
b0000000000000000000000000000000000000000000000000000000001011001 3
1:
#550
0:
#551
b0000000000000000000000000000000000000000000000000000000001011010 -
b0000000000000000000000000000000000000000000000000000000001011001 1
b0000000000000000000000000000000000000000000000000000000001011010 3
1:
#552
0:
#553
b0000000000000000000000000000000000000000000000000000000001011011 -
b0000000000000000000000000000000000000000000000000000000001011010 1
b0000000000000000000000000000000000000000000000000000000001011011 3
1:
#554
0:
#555
b0000000000000000000000000000000000000000000000000000000001011100 -
b0000000000000000000000000000000000000000000000000000000001011011 1
b0000000000000000000000000000000000000000000000000000000001011100 3
1:
#556
0:
#557
b0000000000000000000000000000000000000000000000000000000001011101 -
b0000000000000000000000000000000000000000000000000000000001011100 1
b0000000000000000000000000000000000000000000000000000000001011101 3
1:
#558
0:
#559
b0000000000000000000000000000000000000000000000000000000001011110 -
b0000000000000000000000000000000000000000000000000000000001011101 1
b0000000000000000000000000000000000000000000000000000000001011110 3
1:
#560
0:
#561
b0000000000000000000000000000000000000000000000000000000001011111 -
b0000000000000000000000000000000000000000000000000000000001011110 1
b0000000000000000000000000000000000000000000000000000000001011111 3
1:
#562
0:
#563
b0000000000000000000000000000000000000000000000000000000001100000 -
b0000000000000000000000000000000000000000000000000000000001011111 1
b0000000000000000000000000000000000000000000000000000000001100000 3
1:
#564
0:
#565
b0000000000000000000000000000000000000000000000000000000001100001 -
b0000000000000000000000000000000000000000000000000000000001100000 1
b0000000000000000000000000000000000000000000000000000000001100001 3
1:
#566
0:
#567
b0000000000000000000000000000000000000000000000000000000001100010 -
b0000000000000000000000000000000000000000000000000000000001100001 1
b0000000000000000000000000000000000000000000000000000000001100010 3
1:
#568
0:
#569
b0000000000000000000000000000000000000000000000000000000001100011 -
b0000000000000000000000000000000000000000000000000000000001100010 1
b0000000000000000000000000000000000000000000000000000000001100011 3
1:
#570
0:
#571
b0000000000000000000000000000000000000000000000000000000001100100 -
b0000000000000000000000000000000000000000000000000000000001100011 1
b0000000000000000000000000000000000000000000000000000000001100100 3
1:
#572
0:
#573
b0000000000000000000000000000000000000000000000000000000001100101 -
b0000000000000000000000000000000000000000000000000000000001100100 1
b0000000000000000000000000000000000000000000000000000000001100101 3
18
1:
#574
0:
#575
b0000000000000000000000000000000000000000000000000000000001100110 -
b0000000000000000000000000000000000000000000000000000000001100101 1
b0000000000000000000000000000000000000000000000000000000001100110 3
17
1:
1D
#576
b0000000000000000000000000000000000000000000000000000000000000001 -
b1111111111111111111111111111111111111111111111111111111111111111 /
b0000000000000000000000000000000000000000000000000000000000000000 1
b0000000000000000000000000000000000000000000000000000000000000001 3
b1111111111111111111111111111111111111111111111111111111111111111 5
07
08
0:
0;
0D
b11111111111111111111111111111111 G
#577
1:
#578
0:
#579
1:
#580
0:
#581
1:
#582
0:
#583
1:
#584
0:
#585
1:
#586
0:
1;
#587
b0000000000000000000000000000000000000000000000000000000000000010 -
b0000000000000000000000000000000000000000000000000000000000000001 1
b0000000000000000000000000000000000000000000000000000000000000010 3
1:
#588
0:
#589
b0000000000000000000000000000000000000000000000000000000000000011 -
b0000000000000000000000000000000000000000000000000000000000000010 1
b0000000000000000000000000000000000000000000000000000000000000011 3
1:
#590
0:
#591
b0000000000000000000000000000000000000000000000000000000000000100 -
b0000000000000000000000000000000000000000000000000000000000000011 1
b0000000000000000000000000000000000000000000000000000000000000100 3
1:
#592
0:
#593
b0000000000000000000000000000000000000000000000000000000000000101 -
b0000000000000000000000000000000000000000000000000000000000000100 1
b0000000000000000000000000000000000000000000000000000000000000101 3
1:
#594
0:
#595
b0000000000000000000000000000000000000000000000000000000000000110 -
b0000000000000000000000000000000000000000000000000000000000000101 1
b0000000000000000000000000000000000000000000000000000000000000110 3
1:
#596
1#
1&
b00000000000000000000000000010100 )
b00000000000000000000000000010100 *
b00000000000000000000000000010100 +
b00000000000000000000000000010100 ,
b1111111111111111111111111111111100000000000000000000000000010100 /
0:
1<
b00000000000000000000000000001000 =
1>
b00000000000000000000000000010100 @
#597
b0000000000000000000000000000000000000000000000000000000000000111 -
b0000000000000000000000000000000000000000000000000000000000000110 1
b0000000000000000000000000000000000000000000000000000000000000111 3
b1111111111111111111111111111111100000000000000000000000000010100 5
19
1:
1A
b00000000000000000000000000010100 G
#598
0#
0&
0:
0<
0>
#599
b0000000000000000000000000000000000000000000000000000000000001000 -
b0000000000000000000000000000000000000000000000000000000000000111 1
b0000000000000000000000000000000000000000000000000000000000001000 3
09
1:
0A
#600
1#
1'
b00000000000000000000000000000000 )
b00000000000000000000000000000000 *
b00000000000000000000000000000000 +
b00000000000000000000000000000000 ,
b0000000000000000000000000000000000000000000000000000000000010100 /
0:
1<
b00000000000000000000000000001100 =
1>
b00000000000000000000000000000000 @
b11111111111111111111111111111111 G
#601
b0000000000000000000000000000000000000000000000000000000000001001 -
b0000000000000000000000000000000000000000000000000000000000001000 1
b0000000000000000000000000000000000000000000000000000000000001001 3
b0000000000000000000000000000000000000000000000000000000000010100 5
19
1:
1A
b00000000000000000000000000000000 G
#602
0#
0'
0:
0<
0>
#603
b0000000000000000000000000000000000000000000000000000000000001010 -
b0000000000000000000000000000000000000000000000000000000000001001 1
b0000000000000000000000000000000000000000000000000000000000001010 3
09
1:
0A
#604
0:
#605
b0000000000000000000000000000000000000000000000000000000000001011 -
b0000000000000000000000000000000000000000000000000000000000001010 1
b0000000000000000000000000000000000000000000000000000000000001011 3
1:
#606
0:
#607
b0000000000000000000000000000000000000000000000000000000000001100 -
b0000000000000000000000000000000000000000000000000000000000001011 1
b0000000000000000000000000000000000000000000000000000000000001100 3
1:
#608
0:
#609
b0000000000000000000000000000000000000000000000000000000000001101 -
b0000000000000000000000000000000000000000000000000000000000001100 1
b0000000000000000000000000000000000000000000000000000000000001101 3
1:
#610
0:
#611
b0000000000000000000000000000000000000000000000000000000000001110 -
b0000000000000000000000000000000000000000000000000000000000001101 1
b0000000000000000000000000000000000000000000000000000000000001110 3
1:
#612
0:
#613
b0000000000000000000000000000000000000000000000000000000000001111 -
b0000000000000000000000000000000000000000000000000000000000001110 1
b0000000000000000000000000000000000000000000000000000000000001111 3
1:
#614
0:
#615
b0000000000000000000000000000000000000000000000000000000000010000 -
b0000000000000000000000000000000000000000000000000000000000001111 1
b0000000000000000000000000000000000000000000000000000000000010000 3
1:
#616
0:
#617
b0000000000000000000000000000000000000000000000000000000000010001 -
b0000000000000000000000000000000000000000000000000000000000010000 1
b0000000000000000000000000000000000000000000000000000000000010001 3
1:
#618
0:
#619
b0000000000000000000000000000000000000000000000000000000000010010 -
b0000000000000000000000000000000000000000000000000000000000010001 1
b0000000000000000000000000000000000000000000000000000000000010010 3
1:
#620
0:
#621
b0000000000000000000000000000000000000000000000000000000000010011 -
b0000000000000000000000000000000000000000000000000000000000010010 1
b0000000000000000000000000000000000000000000000000000000000010011 3
1:
#622
0:
#623
b0000000000000000000000000000000000000000000000000000000000010100 -
b0000000000000000000000000000000000000000000000000000000000010011 1
b0000000000000000000000000000000000000000000000000000000000010100 3
1:
#624
0:
#625
b0000000000000000000000000000000000000000000000000000000000010101 -
b0000000000000000000000000000000000000000000000000000000000010100 1
b0000000000000000000000000000000000000000000000000000000000010101 3
18
1:
#626
0:
#627
b0000000000000000000000000000000000000000000000000000000000010110 -
b0000000000000000000000000000000000000000000000000000000000010101 1
b0000000000000000000000000000000000000000000000000000000000010110 3
17
1:
1D
#628
1#
1&
b00000000000000000000001111101000 )
b00000000000000000000001111101000 *
b00000000000000000000001111101000 +
b00000000000000000000001111101000 ,
b0000000000000000000000000000000000000000000000000000001111101000 /
0:
1<
b00000000000000000000000000001000 =
1>
b00000000000000000000001111101000 @
b00000000000000000000000000010100 G
#629
b0000000000000000000000000000000000000000000000000000000000010111 -
b0000000000000000000000000000000000000000000000000000000000010110 1
b0000000000000000000000000000000000000000000000000000000000010111 3
b0000000000000000000000000000000000000000000000000000001111101000 5
08
19
1:
1A
b00000000000000000000000000010100 B
b00000000000000000000000000010100 F
b00000000000000000000001111101000 G
#630
0#
0&
0:
0<
0>
#631
b0000000000000000000000000000000000000000000000000000000000011000 -
b0000000000000000000000000000000000000000000000000000000000010111 1
b0000000000000000000000000000000000000000000000000000000000011000 3
07
09
1:
0A
0D
#632
1#
1'
b00000000000000000000000000000000 )
b00000000000000000000000000000000 *
b00000000000000000000000000000000 +
b00000000000000000000000000000000 ,
0:
1<
b00000000000000000000000000001100 =
1>
b00000000000000000000000000000000 @
b00000000000000000000000000000000 G
#633
b0000000000000000000000000000000000000000000000000000000000011001 -
b0000000000000000000000000000000000000000000000000000000000011000 1
b0000000000000000000000000000000000000000000000000000000000011001 3
19
1:
1A
b00000000000000000000000000000000 B
b00000000000000000000000000000000 F
#634
0#
0'
0:
0<
0>
#635
b0000000000000000000000000000000000000000000000000000000000011010 -
b0000000000000000000000000000000000000000000000000000000000011001 1
b0000000000000000000000000000000000000000000000000000000000011010 3
09
1:
0A
#636
0:
#637
b0000000000000000000000000000000000000000000000000000000000011011 -
b0000000000000000000000000000000000000000000000000000000000011010 1
b0000000000000000000000000000000000000000000000000000000000011011 3
1:
#638
b0000000000000000000000000000000000000000000000000000000000000001 -
b1111111111111111111111111111111111111111111111111111111111111111 /
b0000000000000000000000000000000000000000000000000000000000000000 1
b0000000000000000000000000000000000000000000000000000000000000001 3
b1111111111111111111111111111111111111111111111111111111111111111 5
0:
0;
b11111111111111111111111111111111 G
#639
1:
#640
0:
#641
1:
#642
0:
#643
1:
#644
0:
#645
1:
#646
0:
#647
1:
#648
0:
1;
#649
b0000000000000000000000000000000000000000000000000000000000000010 -
b0000000000000000000000000000000000000000000000000000000000000001 1
b0000000000000000000000000000000000000000000000000000000000000010 3
1:
#650
0:
#651
b0000000000000000000000000000000000000000000000000000000000000011 -
b0000000000000000000000000000000000000000000000000000000000000010 1
b0000000000000000000000000000000000000000000000000000000000000011 3
1:
#652
0:
#653
b0000000000000000000000000000000000000000000000000000000000000100 -
b0000000000000000000000000000000000000000000000000000000000000011 1
b0000000000000000000000000000000000000000000000000000000000000100 3
1:
#654
0:
#655
b0000000000000000000000000000000000000000000000000000000000000101 -
b0000000000000000000000000000000000000000000000000000000000000100 1
b0000000000000000000000000000000000000000000000000000000000000101 3
1:
#656
0:
#657
b0000000000000000000000000000000000000000000000000000000000000110 -
b0000000000000000000000000000000000000000000000000000000000000101 1
b0000000000000000000000000000000000000000000000000000000000000110 3
1:
#658
0:
1<
#659
b0000000000000000000000000000000000000000000000000000000000000111 -
b0000000000000000000000000000000000000000000000000000000000000110 1
b0000000000000000000000000000000000000000000000000000000000000111 3
19
1:
1A
b11111111111111111111111111111111 B
b11111111111111111111111111111111 F
#660
0:
0<
#661
b0000000000000000000000000000000000000000000000000000000000001000 -
b0000000000000000000000000000000000000000000000000000000000000111 1
b0000000000000000000000000000000000000000000000000000000000001000 3
09
1:
0A
#662
1#
1'
b01110101010001011110000101000110 )
b01110101010001011110000101000110 *
b01110101010001011110000101000110 +
b01110101010001011110000101000110 ,
b0111010101000101111000010100011011111111111111111111111111111111 /
0:
1<
1>
b01110101010001011110000101000110 @
#663
b0000000000000000000000000000000000000000000000000000000000001001 -
b0000000000000000000000000000000000000000000000000000000000001000 1
b0000000000000000000000000000000000000000000000000000000000001001 3
b0111010101000101111000010100011011111111111111111111111111111111 5
19
1:
1A
b01110101010001011110000101000110 G
#664
0#
0'
0:
0<
0>
#665
b0000000000000000000000000000000000000000000000000000000000001010 -
b0000000000000000000000000000000000000000000000000000000000001001 1
b0000000000000000000000000000000000000000000000000000000000001010 3
09
1:
0A
#666
1(
0:
1<
b00000000000000000000000000010000 =
b00000000000000000000000000000000 G
#667
b0000000000000000000000000000000000000000000000000000000000001011 -
b0000000000000000000000000000000000000000000000000000000000001010 1
b0000000000000000000000000000000000000000000000000000000000001011 3
19
1:
1A
b00000000000000000000000000000000 B
1C
1E
b00000000000000000000000000000000 F
#668
0:
0<
#669
b0000000000000000000000000000000000000000000000000000000000001100 -
b0000000000000000000000000000000000000000000000000000000000001011 1
b0000000000000000000000000000000000000000000000000000000000001100 3
09
1:
0A
#670
0:
1<
#671
b0000000000000000000000000000000000000000000000000000000000001101 -
b0000000000000000000000000000000000000000000000000000000000001100 1
b0000000000000000000000000000000000000000000000000000000000001101 3
19
1:
1A
#672
0:
0<
#673
b0000000000000000000000000000000000000000000000000000000000001110 -
b0000000000000000000000000000000000000000000000000000000000001101 1
b0000000000000000000000000000000000000000000000000000000000001110 3
09
1:
0A
#674
0(
0:
1<
b00000000000000000000000000001100 =
b01110101010001011110000101000110 G
#675
b0000000000000000000000000000000000000000000000000000000000001111 -
b0000000000000000000000000000000000000000000000000000000000001110 1
b0000000000000000000000000000000000000000000000000000000000001111 3
19
1:
1A
b01110101010001011110000101000110 B
0C
0E
b01110101010001011110000101000110 F
#676
0:
0<
#677
b0000000000000000000000000000000000000000000000000000000000010000 -
b0000000000000000000000000000000000000000000000000000000000001111 1
b0000000000000000000000000000000000000000000000000000000000010000 3
09
1:
0A
#678
1#
1(
b00010100000011100000111101110110 )
b00010100000011100000111101110110 *
b00010100000011100000111101110110 +
b00010100000011100000111101110110 ,
0:
1<
b00000000000000000000000000011100 =
1>
b00010100000011100000111101110110 @
b00000000000000000000000000000000 G
#679
b0000000000000000000000000000000000000000000000000000000000010001 -
b0000000000000000000000000000000000000000000000000000000000010000 1
b0000000000000000000000000000000000000000000000000000000000010001 3
19
1:
1A
b00000000000000000000000000000000 B
1C
1E
b00000000000000000000000000000000 F
#680
0#
0:
0<
0>
#681
b0000000000000000000000000000000000000000000000000000000000010010 -
b0000000000000000000000000000000000000000000000000000000000010001 1
b0000000000000000000000000000000000000000000000000000000000010010 3
09
1:
0A
#682
0(
0:
1<
b00000000000000000000000000001000 =
b11111111111111111111111111111111 G
#683
b0000000000000000000000000000000000000000000000000000000000010011 -
b0000000000000000000000000000000000000000000000000000000000010010 1
b0000000000000000000000000000000000000000000000000000000000010011 3
19
1:
1A
b11111111111111111111111111111111 B
0C
0E
b11111111111111111111111111111111 F
#684
0:
0<
#685
b0000000000000000000000000000000000000000000000000000000000010100 -
b0000000000000000000000000000000000000000000000000000000000010011 1
b0000000000000000000000000000000000000000000000000000000000010100 3
09
1:
0A
#686
1#
1'
b00011011111011111101011110011111 )
b00011011111011111101011110011111 *
b00011011111011111101011110011111 +
b00011011111011111101011110011111 ,
b0001101111101111110101111001111111111111111111111111111111111111 /
0:
1<
b00000000000000000000000000001100 =
1>
b00011011111011111101011110011111 @
b01110101010001011110000101000110 G
#687
b0000000000000000000000000000000000000000000000000000000000010101 -
b0000000000000000000000000000000000000000000000000000000000010100 1
b0000000000000000000000000000000000000000000000000000000000010101 3
b0001101111101111110101111001111111111111111111111111111111111111 5
19
1:
1A
b01110101010001011110000101000110 B
b01110101010001011110000101000110 F
b00011011111011111101011110011111 G
#688
0#
0'
0:
0<
0>
#689
b0000000000000000000000000000000000000000000000000000000000010110 -
b0000000000000000000000000000000000000000000000000000000000010101 1
b0000000000000000000000000000000000000000000000000000000000010110 3
09
1:
0A
#690
0:
1<
b00000000000000000000000000000100 =
b00000000000000000000000000000000 G
#691
b0000000000000000000000000000000000000000000000000000000000010111 -
b0000000000000000000000000000000000000000000000000000000000010110 1
b0000000000000000000000000000000000000000000000000000000000010111 3
19
1:
1A
b00000000000000000000000000000000 B
b00000000000000000000000000000000 F
#692
0:
0<
#693
b0000000000000000000000000000000000000000000000000000000000011000 -
b0000000000000000000000000000000000000000000000000000000000010111 1
b0000000000000000000000000000000000000000000000000000000000011000 3
09
1:
0A
#694
1(
0:
1<
b00000000000000000000000000011000 =
#695
b0000000000000000000000000000000000000000000000000000000000011001 -
b0000000000000000000000000000000000000000000000000000000000011000 1
b0000000000000000000000000000000000000000000000000000000000011001 3
19
1:
1A
1C
1E
#696
0:
0<
#697
b0000000000000000000000000000000000000000000000000000000000011010 -
b0000000000000000000000000000000000000000000000000000000000011001 1
b0000000000000000000000000000000000000000000000000000000000011010 3
09
1:
0A
#698
1#
b00111111001011011011101000110001 )
b00111111001011011011101000110001 *
b00111111001011011011101000110001 +
b00111111001011011011101000110001 ,
0:
1<
b00000000000000000000000000010100 =
1>
b00111111001011011011101000110001 @
#699
b0000000000000000000000000000000000000000000000000000000000011011 -
b0000000000000000000000000000000000000000000000000000000000011010 1
b0000000000000000000000000000000000000000000000000000000000011011 3
19
1:
1A
#700
0#
0:
0<
0>
#701
b0000000000000000000000000000000000000000000000000000000000011100 -
b0000000000000000000000000000000000000000000000000000000000011011 1
b0000000000000000000000000000000000000000000000000000000000011100 3
09
1:
0A
#702
1#
1$
0(
b01100010101110111101100101011010 )
b01100010101110111101100101011010 *
b01100010101110111101100101011010 +
b01100010101110111101100101011010 ,
b0000000000000000000000000000000001100010101110111101100101011010 -
0:
1<
b00000000000000000000000000000000 =
1>
b01100010101110111101100101011010 @
b00000000000000000000000000011011 G
#703
b0000000000000000000000000000000001100010101110111101100101011010 1
b0000000000000000000000000000000001100010101110111101100101011011 3
19
1:
1A
b00000000000000000000000000011011 B
0C
0E
b00000000000000000000000000011011 F
b01100010101110111101100101011010 G
#704
0#
0$
b0000000000000000000000000000000001100010101110111101100101011011 -
0:
0<
0>
#705
b0000000000000000000000000000000001100010101110111101100101011100 -
b0000000000000000000000000000000001100010101110111101100101011011 1
b0000000000000000000000000000000001100010101110111101100101011100 3
09
1:
0A
b01100010101110111101100101011011 G
#706
1#
1(
b00110011001110101011000100000101 )
b00110011001110101011000100000101 *
b00110011001110101011000100000101 +
b00110011001110101011000100000101 ,
0:
1<
b00000000000000000000000000010100 =
1>
b00110011001110101011000100000101 @
b00000000000000000000000000000000 G
#707
b0000000000000000000000000000000001100010101110111101100101011101 -
b0000000000000000000000000000000001100010101110111101100101011100 1
b0000000000000000000000000000000001100010101110111101100101011101 3
19
1:
1A
b00000000000000000000000000000000 B
1C
1E
b00000000000000000000000000000000 F
#708
0#
0:
0<
0>
#709
b0000000000000000000000000000000001100010101110111101100101011110 -
b0000000000000000000000000000000001100010101110111101100101011101 1
b0000000000000000000000000000000001100010101110111101100101011110 3
09
1:
0A
#710
0:
1<
b00000000000000000000000000011100 =
#711
b0000000000000000000000000000000001100010101110111101100101011111 -
b0000000000000000000000000000000001100010101110111101100101011110 1
b0000000000000000000000000000000001100010101110111101100101011111 3
19
1:
1A
#712
0:
0<
#713
b0000000000000000000000000000000001100010101110111101100101100000 -
b0000000000000000000000000000000001100010101110111101100101011111 1
b0000000000000000000000000000000001100010101110111101100101100000 3
09
1:
0A
#714
0(
0:
1<
b00000000000000000000000000000100 =
#715
b0000000000000000000000000000000001100010101110111101100101100001 -
b0000000000000000000000000000000001100010101110111101100101100000 1
b0000000000000000000000000000000001100010101110111101100101100001 3
19
1:
1A
0C
0E
#716
0:
0<
#717
b0000000000000000000000000000000001100010101110111101100101100010 -
b0000000000000000000000000000000001100010101110111101100101100001 1
b0000000000000000000000000000000001100010101110111101100101100010 3
09
1:
0A
#718
1#
1(
b01111001100000111000110010110010 )
b01111001100000111000110010110010 *
b01111001100000111000110010110010 +
b01111001100000111000110010110010 ,
0:
1<
b00000000000000000000000000010000 =
1>
b01111001100000111000110010110010 @
#719
b0000000000000000000000000000000001100010101110111101100101100011 -
b0000000000000000000000000000000001100010101110111101100101100010 1
b0000000000000000000000000000000001100010101110111101100101100011 3
19
1:
1A
1C
1E
#720
0#
0:
0<
0>
#721
b0000000000000000000000000000000001100010101110111101100101100100 -
b0000000000000000000000000000000001100010101110111101100101100011 1
b0000000000000000000000000000000001100010101110111101100101100100 3
09
1:
0A
#722
0:
1<
b00000000000000000000000000010100 =
#723
b0000000000000000000000000000000001100010101110111101100101100101 -
b0000000000000000000000000000000001100010101110111101100101100100 1
b0000000000000000000000000000000001100010101110111101100101100101 3
19
1:
1A
#724
0:
0<
#725
b0000000000000000000000000000000001100010101110111101100101100110 -
b0000000000000000000000000000000001100010101110111101100101100101 1
b0000000000000000000000000000000001100010101110111101100101100110 3
09
1:
0A
#726
0(
0:
1<
b00000000000000000000000000001100 =
b00011011111011111101011110011111 G
#727
b0000000000000000000000000000000001100010101110111101100101100111 -
b0000000000000000000000000000000001100010101110111101100101100110 1
b0000000000000000000000000000000001100010101110111101100101100111 3
19
1:
1A
b00011011111011111101011110011111 B
0C
0E
b00011011111011111101011110011111 F
#728
0:
0<
#729
b0000000000000000000000000000000001100010101110111101100101101000 -
b0000000000000000000000000000000001100010101110111101100101100111 1
b0000000000000000000000000000000001100010101110111101100101101000 3
09
1:
0A
#730
1#
1(
b00001000001101101100010000001110 )
b00001000001101101100010000001110 *
b00001000001101101100010000001110 +
b00001000001101101100010000001110 ,
0:
1<
b00000000000000000000000000010000 =
1>
b00001000001101101100010000001110 @
b00000000000000000000000000000000 G
#731
b0000000000000000000000000000000001100010101110111101100101101001 -
b0000000000000000000000000000000001100010101110111101100101101000 1
b0000000000000000000000000000000001100010101110111101100101101001 3
19
1:
1A
b00000000000000000000000000000000 B
1C
1E
b00000000000000000000000000000000 F
#732
0#
0:
0<
0>
#733
b0000000000000000000000000000000001100010101110111101100101101010 -
b0000000000000000000000000000000001100010101110111101100101101001 1
b0000000000000000000000000000000001100010101110111101100101101010 3
09
1:
0A
#734
0(
0:
1<
b00000000000000000000000000001000 =
b11111111111111111111111111111111 G
#735
b0000000000000000000000000000000001100010101110111101100101101011 -
b0000000000000000000000000000000001100010101110111101100101101010 1
b0000000000000000000000000000000001100010101110111101100101101011 3
19
1:
1A
b11111111111111111111111111111111 B
0C
0E
b11111111111111111111111111111111 F
#736
0:
0<
#737
b0000000000000000000000000000000001100010101110111101100101101100 -
b0000000000000000000000000000000001100010101110111101100101101011 1
b0000000000000000000000000000000001100010101110111101100101101100 3
09
1:
0A
#738
1#
1%
b01111100001111011011110100111101 )
b01111100001111011011110100111101 *
b01111100001111011011110100111101 +
b01111100001111011011110100111101 ,
b0111110000111101101111010011110101100010101110111101100101101100 -
0:
1<
b00000000000000000000000000000100 =
1>
b01111100001111011011110100111101 @
b00000000000000000000000000000000 G
#739
b0111110000111101101111010011110101100010101110111101100101101101 -
b0111110000111101101111010011110101100010101110111101100101101100 1
b0111110000111101101111010011110101100010101110111101100101101101 3
18
19
1:
1A
b00000000000000000000000000000000 B
b00000000000000000000000000000000 F
b01111100001111011011110100111101 G
#740
0#
0%
0:
0<
0>
#741
b0111110000111101101111010011110101100010101110111101100101101110 -
b0111110000111101101111010011110101100010101110111101100101101101 1
b0111110000111101101111010011110101100010101110111101100101101110 3
17
09
1:
0A
1D
#742
1#
1(
b00100010001000100001101001110000 )
b00100010001000100001101001110000 *
b00100010001000100001101001110000 +
b00100010001000100001101001110000 ,
0:
1<
b00000000000000000000000000010000 =
1>
b00100010001000100001101001110000 @
b00000000000000000000000000000000 G
#743
b0111110000111101101111010011110101100010101110111101100101101111 -
b0111110000111101101111010011110101100010101110111101100101101110 1
b0111110000111101101111010011110101100010101110111101100101101111 3
19
1:
1A
1C
1E
#744
0#
0:
0<
0>
#745
b0111110000111101101111010011110101100010101110111101100101110000 -
b0111110000111101101111010011110101100010101110111101100101101111 1
b0111110000111101101111010011110101100010101110111101100101110000 3
09
1:
0A
#746
0(
0:
1<
b00000000000000000000000000000100 =
b01111100001111011011110100111101 G
#747
b0111110000111101101111010011110101100010101110111101100101110001 -
b0111110000111101101111010011110101100010101110111101100101110000 1
b0111110000111101101111010011110101100010101110111101100101110001 3
19
1:
1A
b01111100001111011011110100111101 B
0C
0E
b01111100001111011011110100111101 F
#748
0:
0<
#749
b0111110000111101101111010011110101100010101110111101100101110010 -
b0111110000111101101111010011110101100010101110111101100101110001 1
b0111110000111101101111010011110101100010101110111101100101110010 3
09
1:
0A
#750
1#
1%
b01010101011101111111100011100001 )
b01010101011101111111100011100001 *
b01010101011101111111100011100001 +
b01010101011101111111100011100001 ,
b0101010101110111111110001110000101100010101110111101100101110010 -
0:
1<
1>
b01010101011101111111100011100001 @
#751
b0101010101110111111110001110000101100010101110111101100101110011 -
b0101010101110111111110001110000101100010101110111101100101110010 1
b0101010101110111111110001110000101100010101110111101100101110011 3
19
1:
1A
b01010101011101111111100011100001 G
#752
0#
0%
0:
0<
0>
#753
b0101010101110111111110001110000101100010101110111101100101110100 -
b0101010101110111111110001110000101100010101110111101100101110011 1
b0101010101110111111110001110000101100010101110111101100101110100 3
09
1:
0A
#754
1#
1(
b00111000000001001000001000111110 )
b00111000000001001000001000111110 *
b00111000000001001000001000111110 +
b00111000000001001000001000111110 ,
0:
1<
b00000000000000000000000000010000 =
1>
b00111000000001001000001000111110 @
b00000000000000000000000000000000 G
#755
b0101010101110111111110001110000101100010101110111101100101110101 -
b0101010101110111111110001110000101100010101110111101100101110100 1
b0101010101110111111110001110000101100010101110111101100101110101 3
19
1:
1A
b00000000000000000000000000000000 B
1C
1E
b00000000000000000000000000000000 F
#756
0#
0:
0<
0>
#757
b0101010101110111111110001110000101100010101110111101100101110110 -
b0101010101110111111110001110000101100010101110111101100101110101 1
b0101010101110111111110001110000101100010101110111101100101110110 3
09
1:
0A
#758
0(
0:
1<
b00000000000000000000000000000100 =
b01010101011101111111100011100001 G
#759
b0101010101110111111110001110000101100010101110111101100101110111 -
b0101010101110111111110001110000101100010101110111101100101110110 1
b0101010101110111111110001110000101100010101110111101100101110111 3
19
1:
1A
b01010101011101111111100011100001 B
0C
0E
b01010101011101111111100011100001 F
#760
0:
0<
#761
b0101010101110111111110001110000101100010101110111101100101111000 -
b0101010101110111111110001110000101100010101110111101100101110111 1
b0101010101110111111110001110000101100010101110111101100101111000 3
09
1:
0A
#762
1(
0:
1<
b00000000000000000000000000011100 =
b00000000000000000000000000000000 G
#763
b0101010101110111111110001110000101100010101110111101100101111001 -
b0101010101110111111110001110000101100010101110111101100101111000 1
b0101010101110111111110001110000101100010101110111101100101111001 3
19
1:
1A
b00000000000000000000000000000000 B
1C
1E
b00000000000000000000000000000000 F
#764
0:
0<
#765
b0101010101110111111110001110000101100010101110111101100101111010 -
b0101010101110111111110001110000101100010101110111101100101111001 1
b0101010101110111111110001110000101100010101110111101100101111010 3
09
1:
0A
#766
1#
b00101101010100010111011110010110 )
b00101101010100010111011110010110 *
b00101101010100010111011110010110 +
b00101101010100010111011110010110 ,
0:
1<
b00000000000000000000000000010000 =
1>
b00101101010100010111011110010110 @
#767
b0101010101110111111110001110000101100010101110111101100101111011 -
b0101010101110111111110001110000101100010101110111101100101111010 1
b0101010101110111111110001110000101100010101110111101100101111011 3
19
1:
1A
#768
0#
0:
0<
0>
#769
b0101010101110111111110001110000101100010101110111101100101111100 -
b0101010101110111111110001110000101100010101110111101100101111011 1
b0101010101110111111110001110000101100010101110111101100101111100 3
09
1:
0A
#770
0:
1<
b00000000000000000000000000011100 =
#771
b0101010101110111111110001110000101100010101110111101100101111101 -
b0101010101110111111110001110000101100010101110111101100101111100 1
b0101010101110111111110001110000101100010101110111101100101111101 3
19
1:
1A
#772
0:
0<
#773
b0101010101110111111110001110000101100010101110111101100101111110 -
b0101010101110111111110001110000101100010101110111101100101111101 1
b0101010101110111111110001110000101100010101110111101100101111110 3
09
1:
0A
#774
0:
1<
b00000000000000000000000000010000 =
#775
b0101010101110111111110001110000101100010101110111101100101111111 -
b0101010101110111111110001110000101100010101110111101100101111110 1
b0101010101110111111110001110000101100010101110111101100101111111 3
19
1:
1A
#776
0:
0<
#777
b0101010101110111111110001110000101100010101110111101100110000000 -
b0101010101110111111110001110000101100010101110111101100101111111 1
b0101010101110111111110001110000101100010101110111101100110000000 3
09
1:
0A
#778
0:
1<
#779
b0101010101110111111110001110000101100010101110111101100110000001 -
b0101010101110111111110001110000101100010101110111101100110000000 1
b0101010101110111111110001110000101100010101110111101100110000001 3
19
1:
1A
#780
0:
0<
#781
b0101010101110111111110001110000101100010101110111101100110000010 -
b0101010101110111111110001110000101100010101110111101100110000001 1
b0101010101110111111110001110000101100010101110111101100110000010 3
09
1:
0A
#782
1#
1'
0(
b00101100110110001001101000110010 )
b00101100110110001001101000110010 *
b00101100110110001001101000110010 +
b00101100110110001001101000110010 ,
b0010110011011000100110100011001011111111111111111111111111111111 /
0:
1<
b00000000000000000000000000001100 =
1>
b00101100110110001001101000110010 @
b00011011111011111101011110011111 G
#783
b0101010101110111111110001110000101100010101110111101100110000011 -
b0101010101110111111110001110000101100010101110111101100110000010 1
b0101010101110111111110001110000101100010101110111101100110000011 3
b0010110011011000100110100011001011111111111111111111111111111111 5
19
1:
1A
b00011011111011111101011110011111 B
0C
0E
b00011011111011111101011110011111 F
b00101100110110001001101000110010 G
#784
0#
0'
0:
0<
0>
#785
b0101010101110111111110001110000101100010101110111101100110000100 -
b0101010101110111111110001110000101100010101110111101100110000011 1
b0101010101110111111110001110000101100010101110111101100110000100 3
09
1:
0A
#786
1(
0:
1<
b00000000000000000000000000011100 =
b00000000000000000000000000000000 G
#787
b0101010101110111111110001110000101100010101110111101100110000101 -
b0101010101110111111110001110000101100010101110111101100110000100 1
b0101010101110111111110001110000101100010101110111101100110000101 3
19
1:
1A
b00000000000000000000000000000000 B
1C
1E
b00000000000000000000000000000000 F
#788
0:
0<
#789
b0101010101110111111110001110000101100010101110111101100110000110 -
b0101010101110111111110001110000101100010101110111101100110000101 1
b0101010101110111111110001110000101100010101110111101100110000110 3
09
1:
0A
#790
0:
1<
b00000000000000000000000000010000 =
#791
b0101010101110111111110001110000101100010101110111101100110000111 -
b0101010101110111111110001110000101100010101110111101100110000110 1
b0101010101110111111110001110000101100010101110111101100110000111 3
19
1:
1A
#792
0:
0<
#793
b0101010101110111111110001110000101100010101110111101100110001000 -
b0101010101110111111110001110000101100010101110111101100110000111 1
b0101010101110111111110001110000101100010101110111101100110001000 3
09
1:
0A
#794
1#
1$
0(
b01110110010001001010010001011100 )
b01110110010001001010010001011100 *
b01110110010001001010010001011100 +
b01110110010001001010010001011100 ,
b0101010101110111111110001110000101110110010001001010010001011100 -
0:
1<
b00000000000000000000000000000000 =
1>
b01110110010001001010010001011100 @
b01100010101110111101100110000111 G
#795
b0101010101110111111110001110000101110110010001001010010001011100 1
b0101010101110111111110001110000101110110010001001010010001011101 3
19
1:
1A
b01100010101110111101100110000111 B
0C
0E
b01100010101110111101100110000111 F
b01110110010001001010010001011100 G
#796
0#
0$
b0101010101110111111110001110000101110110010001001010010001011101 -
0:
0<
0>
#797
b0101010101110111111110001110000101110110010001001010010001011110 -
b0101010101110111111110001110000101110110010001001010010001011101 1
b0101010101110111111110001110000101110110010001001010010001011110 3
09
1:
0A
b01110110010001001010010001011101 G
#798
0:
1<
b00000000000000000000000000001000 =
b11111111111111111111111111111111 G
#799
b0101010101110111111110001110000101110110010001001010010001011111 -
b0101010101110111111110001110000101110110010001001010010001011110 1
b0101010101110111111110001110000101110110010001001010010001011111 3
19
1:
1A
b11111111111111111111111111111111 B
b11111111111111111111111111111111 F
#800
0:
0<
#801
b0101010101110111111110001110000101110110010001001010010001100000 -
b0101010101110111111110001110000101110110010001001010010001011111 1
b0101010101110111111110001110000101110110010001001010010001100000 3
09
1:
0A
#802
1#
1(
b00111101110000100100000011111011 )
b00111101110000100100000011111011 *
b00111101110000100100000011111011 +
b00111101110000100100000011111011 ,
0:
1<
b00000000000000000000000000011000 =
1>
b00111101110000100100000011111011 @
b00000000000000000000000000000000 G
#803
b0101010101110111111110001110000101110110010001001010010001100001 -
b0101010101110111111110001110000101110110010001001010010001100000 1
b0101010101110111111110001110000101110110010001001010010001100001 3
19
1:
1A
b00000000000000000000000000000000 B
1C
1E
b00000000000000000000000000000000 F
#804
0#
0:
0<
0>
#805
b0101010101110111111110001110000101110110010001001010010001100010 -
b0101010101110111111110001110000101110110010001001010010001100001 1
b0101010101110111111110001110000101110110010001001010010001100010 3
09
1:
0A
#806
0(
0:
1<
b00000000000000000000000000001000 =
b11111111111111111111111111111111 G
#807
b0101010101110111111110001110000101110110010001001010010001100011 -
b0101010101110111111110001110000101110110010001001010010001100010 1
b0101010101110111111110001110000101110110010001001010010001100011 3
19
1:
1A
b11111111111111111111111111111111 B
0C
0E
b11111111111111111111111111111111 F
#808
0:
0<
#809
b0101010101110111111110001110000101110110010001001010010001100100 -
b0101010101110111111110001110000101110110010001001010010001100011 1
b0101010101110111111110001110000101110110010001001010010001100100 3
09
1:
0A
#810
1#
1&
b01110000110001101010010100101001 )
b01110000110001101010010100101001 *
b01110000110001101010010100101001 +
b01110000110001101010010100101001 ,
b0010110011011000100110100011001001110000110001101010010100101001 /
0:
1<
1>
b01110000110001101010010100101001 @
#811
b0101010101110111111110001110000101110110010001001010010001100101 -
b0101010101110111111110001110000101110110010001001010010001100100 1
b0101010101110111111110001110000101110110010001001010010001100101 3
b0010110011011000100110100011001001110000110001101010010100101001 5
19
1:
1A
b01110000110001101010010100101001 G
#812
0#
0&
0:
0<
0>
#813
b0101010101110111111110001110000101110110010001001010010001100110 -
b0101010101110111111110001110000101110110010001001010010001100101 1
b0101010101110111111110001110000101110110010001001010010001100110 3
09
1:
0A
#814
1#
1'
b00000000000000000000000000000000 )
b00000000000000000000000000000000 *
b00000000000000000000000000000000 +
b00000000000000000000000000000000 ,
b0000000000000000000000000000000001110000110001101010010100101001 /
0:
1<
b00000000000000000000000000001100 =
1>
b00000000000000000000000000000000 @
b00101100110110001001101000110010 G
#815
b0101010101110111111110001110000101110110010001001010010001100111 -
b0101010101110111111110001110000101110110010001001010010001100110 1
b0101010101110111111110001110000101110110010001001010010001100111 3
b0000000000000000000000000000000001110000110001101010010100101001 5
19
1:
1A
b00101100110110001001101000110010 B
b00101100110110001001101000110010 F
b00000000000000000000000000000000 G
#816
0#
0'
0:
0<
0>
#817
b0101010101110111111110001110000101110110010001001010010001101000 -
b0101010101110111111110001110000101110110010001001010010001100111 1
b0101010101110111111110001110000101110110010001001010010001101000 3
09
1:
0A
#818
0:
1<
b00000000000000000000000000000100 =
b01010101011101111111100011100001 G
#819
b0101010101110111111110001110000101110110010001001010010001101001 -
b0101010101110111111110001110000101110110010001001010010001101000 1
b0101010101110111111110001110000101110110010001001010010001101001 3
19
1:
1A
b01010101011101111111100011100001 B
b01010101011101111111100011100001 F
#820
0:
0<
#821
b0101010101110111111110001110000101110110010001001010010001101010 -
b0101010101110111111110001110000101110110010001001010010001101001 1
b0101010101110111111110001110000101110110010001001010010001101010 3
09
1:
0A
#822
1(
0:
1<
b00000000000000000000000000010100 =
b00000000000000000000000000000000 G
#823
b0101010101110111111110001110000101110110010001001010010001101011 -
b0101010101110111111110001110000101110110010001001010010001101010 1
b0101010101110111111110001110000101110110010001001010010001101011 3
19
1:
1A
b00000000000000000000000000000000 B
1C
1E
b00000000000000000000000000000000 F
#824
0:
0<
#825
b0101010101110111111110001110000101110110010001001010010001101100 -
b0101010101110111111110001110000101110110010001001010010001101011 1
b0101010101110111111110001110000101110110010001001010010001101100 3
09
1:
0A
#826
0:
1<
b00000000000000000000000000010000 =
#827
b0101010101110111111110001110000101110110010001001010010001101101 -
b0101010101110111111110001110000101110110010001001010010001101100 1
b0101010101110111111110001110000101110110010001001010010001101101 3
19
1:
1A
#828
0:
0<
#829
b0101010101110111111110001110000101110110010001001010010001101110 -
b0101010101110111111110001110000101110110010001001010010001101101 1
b0101010101110111111110001110000101110110010001001010010001101110 3
09
1:
0A
#830
0:
1<
b00000000000000000000000000010100 =
#831
b0101010101110111111110001110000101110110010001001010010001101111 -
b0101010101110111111110001110000101110110010001001010010001101110 1
b0101010101110111111110001110000101110110010001001010010001101111 3
19
1:
1A
#832
0:
0<
#833
b0101010101110111111110001110000101110110010001001010010001110000 -
b0101010101110111111110001110000101110110010001001010010001101111 1
b0101010101110111111110001110000101110110010001001010010001110000 3
09
1:
0A
#834
1#
b01000111001110011000110010001001 )
b01000111001110011000110010001001 *
b01000111001110011000110010001001 +
b01000111001110011000110010001001 ,
0:
1<
b00000000000000000000000000011000 =
1>
b01000111001110011000110010001001 @
#835
b0101010101110111111110001110000101110110010001001010010001110001 -
b0101010101110111111110001110000101110110010001001010010001110000 1
b0101010101110111111110001110000101110110010001001010010001110001 3
19
1:
1A
#836
0#
0:
0<
0>
#837
b0101010101110111111110001110000101110110010001001010010001110010 -
b0101010101110111111110001110000101110110010001001010010001110001 1
b0101010101110111111110001110000101110110010001001010010001110010 3
09
1:
0A
#838
0(
0:
1<
b00000000000000000000000000000100 =
b01010101011101111111100011100001 G
#839
b0101010101110111111110001110000101110110010001001010010001110011 -
b0101010101110111111110001110000101110110010001001010010001110010 1
b0101010101110111111110001110000101110110010001001010010001110011 3
19
1:
1A
b01010101011101111111100011100001 B
0C
0E
b01010101011101111111100011100001 F
#840
0:
0<
#841
b0101010101110111111110001110000101110110010001001010010001110100 -
b0101010101110111111110001110000101110110010001001010010001110011 1
b0101010101110111111110001110000101110110010001001010010001110100 3
09
1:
0A
#842
0:
1<
b00000000000000000000000000001100 =
b00000000000000000000000000000000 G
#843
b0101010101110111111110001110000101110110010001001010010001110101 -
b0101010101110111111110001110000101110110010001001010010001110100 1
b0101010101110111111110001110000101110110010001001010010001110101 3
19
1:
1A
b00000000000000000000000000000000 B
b00000000000000000000000000000000 F
#844
0:
0<
#845
b0101010101110111111110001110000101110110010001001010010001110110 -
b0101010101110111111110001110000101110110010001001010010001110101 1
b0101010101110111111110001110000101110110010001001010010001110110 3
09
1:
0A
#846
1#
1%
b01100001010101110100000010010101 )
b01100001010101110100000010010101 *
b01100001010101110100000010010101 +
b01100001010101110100000010010101 ,
b0110000101010111010000001001010101110110010001001010010001110110 -
0:
1<
b00000000000000000000000000000100 =
1>
b01100001010101110100000010010101 @
b01010101011101111111100011100001 G
#847
b0110000101010111010000001001010101110110010001001010010001110111 -
b0110000101010111010000001001010101110110010001001010010001110110 1
b0110000101010111010000001001010101110110010001001010010001110111 3
19
1:
1A
b01010101011101111111100011100001 B
b01010101011101111111100011100001 F
b01100001010101110100000010010101 G
#848
0#
0%
0:
0<
0>
#849
b0110000101010111010000001001010101110110010001001010010001111000 -
b0110000101010111010000001001010101110110010001001010010001110111 1
b0110000101010111010000001001010101110110010001001010010001111000 3
09
1:
0A
#850
1#
1%
b01010111100110111110010011110001 )
b01010111100110111110010011110001 *
b01010111100110111110010011110001 +
b01010111100110111110010011110001 ,
b0101011110011011111001001111000101110110010001001010010001111000 -
0:
1<
1>
b01010111100110111110010011110001 @
#851
b0101011110011011111001001111000101110110010001001010010001111001 -
b0101011110011011111001001111000101110110010001001010010001111000 1
b0101011110011011111001001111000101110110010001001010010001111001 3
19
1:
1A
b01100001010101110100000010010101 B
b01100001010101110100000010010101 F
b01010111100110111110010011110001 G
#852
0#
0%
0:
0<
0>
#853
b0101011110011011111001001111000101110110010001001010010001111010 -
b0101011110011011111001001111000101110110010001001010010001111001 1
b0101011110011011111001001111000101110110010001001010010001111010 3
09
1:
0A
#854
1#
1'
b00101111001100000101110111101111 )
b00101111001100000101110111101111 *
b00101111001100000101110111101111 +
b00101111001100000101110111101111 ,
b0010111100110000010111011110111101110000110001101010010100101001 /
0:
1<
b00000000000000000000000000001100 =
1>
b00101111001100000101110111101111 @
b00000000000000000000000000000000 G
#855
b0101011110011011111001001111000101110110010001001010010001111011 -
b0101011110011011111001001111000101110110010001001010010001111010 1
b0101011110011011111001001111000101110110010001001010010001111011 3
b0010111100110000010111011110111101110000110001101010010100101001 5
19
1:
1A
b00000000000000000000000000000000 B
b00000000000000000000000000000000 F
b00101111001100000101110111101111 G
#856
0#
0'
0:
0<
0>
#857
b0101011110011011111001001111000101110110010001001010010001111100 -
b0101011110011011111001001111000101110110010001001010010001111011 1
b0101011110011011111001001111000101110110010001001010010001111100 3
09
1:
0A
#858
1(
0:
1<
b00000000000000000000000000011100 =
b00000000000000000000000000000000 G
#859
b0101011110011011111001001111000101110110010001001010010001111101 -
b0101011110011011111001001111000101110110010001001010010001111100 1
b0101011110011011111001001111000101110110010001001010010001111101 3
19
1:
1A
1C
1E
#860
0:
0<
#861
b0101011110011011111001001111000101110110010001001010010001111110 -
b0101011110011011111001001111000101110110010001001010010001111101 1
b0101011110011011111001001111000101110110010001001010010001111110 3
09
1:
0A
#862
1#
1%
0(
b00010011100000011000001000111010 )
b00010011100000011000001000111010 *
b00010011100000011000001000111010 +
b00010011100000011000001000111010 ,
b0001001110000001100000100011101001110110010001001010010001111110 -
0:
1<
b00000000000000000000000000000100 =
1>
b00010011100000011000001000111010 @
b01010111100110111110010011110001 G
#863
b0001001110000001100000100011101001110110010001001010010001111111 -
b0001001110000001100000100011101001110110010001001010010001111110 1
b0001001110000001100000100011101001110110010001001010010001111111 3
08
19
1:
1A
b01010111100110111110010011110001 B
0C
0E
b01010111100110111110010011110001 F
b00010011100000011000001000111010 G
#864
0#
0%
0:
0<
0>
#865
b0001001110000001100000100011101001110110010001001010010010000000 -
b0001001110000001100000100011101001110110010001001010010001111111 1
b0001001110000001100000100011101001110110010001001010010010000000 3
07
09
1:
0A
0D
#866
1(
0:
1<
b00000000000000000000000000010100 =
b00000000000000000000000000000000 G
#867
b0001001110000001100000100011101001110110010001001010010010000001 -
b0001001110000001100000100011101001110110010001001010010010000000 1
b0001001110000001100000100011101001110110010001001010010010000001 3
19
1:
1A
b00000000000000000000000000000000 B
1C
1E
b00000000000000000000000000000000 F
#868
0:
0<
#869
b0001001110000001100000100011101001110110010001001010010010000010 -
b0001001110000001100000100011101001110110010001001010010010000001 1
b0001001110000001100000100011101001110110010001001010010010000010 3
09
1:
0A
#870
1#
1'
0(
b01011111010111100111111111010000 )
b01011111010111100111111111010000 *
b01011111010111100111111111010000 +
b01011111010111100111111111010000 ,
b0101111101011110011111111101000001110000110001101010010100101001 /
0:
1<
b00000000000000000000000000001100 =
1>
b01011111010111100111111111010000 @
b00101111001100000101110111101111 G
#871
b0001001110000001100000100011101001110110010001001010010010000011 -
b0001001110000001100000100011101001110110010001001010010010000010 1
b0001001110000001100000100011101001110110010001001010010010000011 3
b0101111101011110011111111101000001110000110001101010010100101001 5
19
1:
1A
b00101111001100000101110111101111 B
0C
0E
b00101111001100000101110111101111 F
b01011111010111100111111111010000 G
#872
0#
0'
0:
0<
0>
#873
b0001001110000001100000100011101001110110010001001010010010000100 -
b0001001110000001100000100011101001110110010001001010010010000011 1
b0001001110000001100000100011101001110110010001001010010010000100 3
09
1:
0A
#874
1#
1$
b00000110101110010100011101100100 )
b00000110101110010100011101100100 *
b00000110101110010100011101100100 +
b00000110101110010100011101100100 ,
b0001001110000001100000100011101000000110101110010100011101100100 -
0:
1<
b00000000000000000000000000000000 =
1>
b00000110101110010100011101100100 @
b01110110010001001010010010000011 G
#875
b0001001110000001100000100011101000000110101110010100011101100100 1
b0001001110000001100000100011101000000110101110010100011101100101 3
19
1:
1A
b01110110010001001010010010000011 B
b01110110010001001010010010000011 F
b00000110101110010100011101100100 G
#876
0#
0$
b0001001110000001100000100011101000000110101110010100011101100101 -
0:
0<
0>
#877
b0001001110000001100000100011101000000110101110010100011101100110 -
b0001001110000001100000100011101000000110101110010100011101100101 1
b0001001110000001100000100011101000000110101110010100011101100110 3
09
1:
0A
b00000110101110010100011101100101 G
#878
1#
1(
b00011110101110100101110100100011 )
b00011110101110100101110100100011 *
b00011110101110100101110100100011 +
b00011110101110100101110100100011 ,
0:
1<
b00000000000000000000000000010100 =
1>
b00011110101110100101110100100011 @
b00000000000000000000000000000000 G
#879
b0001001110000001100000100011101000000110101110010100011101100111 -
b0001001110000001100000100011101000000110101110010100011101100110 1
b0001001110000001100000100011101000000110101110010100011101100111 3
19
1:
1A
b00000000000000000000000000000000 B
1C
1E
b00000000000000000000000000000000 F
#880
0#
0:
0<
0>
#881
b0001001110000001100000100011101000000110101110010100011101101000 -
b0001001110000001100000100011101000000110101110010100011101100111 1
b0001001110000001100000100011101000000110101110010100011101101000 3
09
1:
0A
#882
0:
1<
b00000000000000000000000000011000 =
#883
b0001001110000001100000100011101000000110101110010100011101101001 -
b0001001110000001100000100011101000000110101110010100011101101000 1
b0001001110000001100000100011101000000110101110010100011101101001 3
19
1:
1A
#884
0:
0<
#885
b0001001110000001100000100011101000000110101110010100011101101010 -
b0001001110000001100000100011101000000110101110010100011101101001 1
b0001001110000001100000100011101000000110101110010100011101101010 3
09
1:
0A
#886
1#
b01010001110110011100010101100100 )
b01010001110110011100010101100100 *
b01010001110110011100010101100100 +
b01010001110110011100010101100100 ,
0:
1<
b00000000000000000000000000010000 =
1>
b01010001110110011100010101100100 @
#887
b0001001110000001100000100011101000000110101110010100011101101011 -
b0001001110000001100000100011101000000110101110010100011101101010 1
b0001001110000001100000100011101000000110101110010100011101101011 3
19
1:
1A
#888
0#
0:
0<
0>
#889
b0001001110000001100000100011101000000110101110010100011101101100 -
b0001001110000001100000100011101000000110101110010100011101101011 1
b0001001110000001100000100011101000000110101110010100011101101100 3
09
1:
0A
#890
0:
1<
b00000000000000000000000000010100 =
#891
b0001001110000001100000100011101000000110101110010100011101101101 -
b0001001110000001100000100011101000000110101110010100011101101100 1
b0001001110000001100000100011101000000110101110010100011101101101 3
19
1:
1A
#892
0:
0<
#893
b0001001110000001100000100011101000000110101110010100011101101110 -
b0001001110000001100000100011101000000110101110010100011101101101 1
b0001001110000001100000100011101000000110101110010100011101101110 3
09
1:
0A
#894
0(
0:
1<
b00000000000000000000000000001100 =
b01011111010111100111111111010000 G
#895
b0001001110000001100000100011101000000110101110010100011101101111 -
b0001001110000001100000100011101000000110101110010100011101101110 1
b0001001110000001100000100011101000000110101110010100011101101111 3
19
1:
1A
b01011111010111100111111111010000 B
0C
0E
b01011111010111100111111111010000 F
#896
0:
0<
#897
b0001001110000001100000100011101000000110101110010100011101110000 -
b0001001110000001100000100011101000000110101110010100011101101111 1
b0001001110000001100000100011101000000110101110010100011101110000 3
09
1:
0A
#898
1(
0:
1<
b00000000000000000000000000010100 =
b00000000000000000000000000000000 G
#899
b0001001110000001100000100011101000000110101110010100011101110001 -
b0001001110000001100000100011101000000110101110010100011101110000 1
b0001001110000001100000100011101000000110101110010100011101110001 3
19
1:
1A
b00000000000000000000000000000000 B
1C
1E
b00000000000000000000000000000000 F
#900
0:
0<
#901
b0001001110000001100000100011101000000110101110010100011101110010 -
b0001001110000001100000100011101000000110101110010100011101110001 1
b0001001110000001100000100011101000000110101110010100011101110010 3
09
1:
0A
#902
1#
1'
0(
b01101000111010110010111101100011 )
b01101000111010110010111101100011 *
b01101000111010110010111101100011 +
b01101000111010110010111101100011 ,
b0110100011101011001011110110001101110000110001101010010100101001 /
0:
1<
b00000000000000000000000000001100 =
1>
b01101000111010110010111101100011 @
b01011111010111100111111111010000 G
#903
b0001001110000001100000100011101000000110101110010100011101110011 -
b0001001110000001100000100011101000000110101110010100011101110010 1
b0001001110000001100000100011101000000110101110010100011101110011 3
b0110100011101011001011110110001101110000110001101010010100101001 5
19
1:
1A
b01011111010111100111111111010000 B
0C
0E
b01011111010111100111111111010000 F
b01101000111010110010111101100011 G
#904
0#
0'
0:
0<
0>
#905
b0001001110000001100000100011101000000110101110010100011101110100 -
b0001001110000001100000100011101000000110101110010100011101110011 1
b0001001110000001100000100011101000000110101110010100011101110100 3
09
1:
0A
#906
0:
1<
#907
b0001001110000001100000100011101000000110101110010100011101110101 -
b0001001110000001100000100011101000000110101110010100011101110100 1
b0001001110000001100000100011101000000110101110010100011101110101 3
19
1:
1A
b01101000111010110010111101100011 B
b01101000111010110010111101100011 F
#908
0:
0<
#909
b0001001110000001100000100011101000000110101110010100011101110110 -
b0001001110000001100000100011101000000110101110010100011101110101 1
b0001001110000001100000100011101000000110101110010100011101110110 3
09
1:
0A
#910
1(
0:
1<
b00000000000000000000000000010000 =
b00000000000000000000000000000000 G
#911
b0001001110000001100000100011101000000110101110010100011101110111 -
b0001001110000001100000100011101000000110101110010100011101110110 1
b0001001110000001100000100011101000000110101110010100011101110111 3
19
1:
1A
b00000000000000000000000000000000 B
1C
1E
b00000000000000000000000000000000 F
#912
0:
0<
#913
b0001001110000001100000100011101000000110101110010100011101111000 -
b0001001110000001100000100011101000000110101110010100011101110111 1
b0001001110000001100000100011101000000110101110010100011101111000 3
09
1:
0A
#914
0(
0:
1<
b00000000000000000000000000000100 =
b00010011100000011000001000111010 G
#915
b0001001110000001100000100011101000000110101110010100011101111001 -
b0001001110000001100000100011101000000110101110010100011101111000 1
b0001001110000001100000100011101000000110101110010100011101111001 3
19
1:
1A
b00010011100000011000001000111010 B
0C
0E
b00010011100000011000001000111010 F
#916
0:
0<
#917
b0001001110000001100000100011101000000110101110010100011101111010 -
b0001001110000001100000100011101000000110101110010100011101111001 1
b0001001110000001100000100011101000000110101110010100011101111010 3
09
1:
0A
#918
0:
1<
#919
b0001001110000001100000100011101000000110101110010100011101111011 -
b0001001110000001100000100011101000000110101110010100011101111010 1
b0001001110000001100000100011101000000110101110010100011101111011 3
19
1:
1A
#920
0:
0<
#921
b0001001110000001100000100011101000000110101110010100011101111100 -
b0001001110000001100000100011101000000110101110010100011101111011 1
b0001001110000001100000100011101000000110101110010100011101111100 3
09
1:
0A
#922
0:
1<
b00000000000000000000000000001000 =
b01110000110001101010010100101001 G
#923
b0001001110000001100000100011101000000110101110010100011101111101 -
b0001001110000001100000100011101000000110101110010100011101111100 1
b0001001110000001100000100011101000000110101110010100011101111101 3
19
1:
1A
b01110000110001101010010100101001 B
b01110000110001101010010100101001 F
#924
0:
0<
#925
b0001001110000001100000100011101000000110101110010100011101111110 -
b0001001110000001100000100011101000000110101110010100011101111101 1
b0001001110000001100000100011101000000110101110010100011101111110 3
09
1:
0A
#926
1(
0:
1<
b00000000000000000000000000010000 =
b00000000000000000000000000000000 G
#927
b0001001110000001100000100011101000000110101110010100011101111111 -
b0001001110000001100000100011101000000110101110010100011101111110 1
b0001001110000001100000100011101000000110101110010100011101111111 3
19
1:
1A
b00000000000000000000000000000000 B
1C
1E
b00000000000000000000000000000000 F
#928
0:
0<
#929
b0001001110000001100000100011101000000110101110010100011110000000 -
b0001001110000001100000100011101000000110101110010100011101111111 1
b0001001110000001100000100011101000000110101110010100011110000000 3
09
1:
0A
#930
0(
0:
1<
b00000000000000000000000000001100 =
b01101000111010110010111101100011 G
#931
b0001001110000001100000100011101000000110101110010100011110000001 -
b0001001110000001100000100011101000000110101110010100011110000000 1
b0001001110000001100000100011101000000110101110010100011110000001 3
19
1:
1A
b01101000111010110010111101100011 B
0C
0E
b01101000111010110010111101100011 F
#932
0:
0<
#933
b0001001110000001100000100011101000000110101110010100011110000010 -
b0001001110000001100000100011101000000110101110010100011110000001 1
b0001001110000001100000100011101000000110101110010100011110000010 3
09
1:
0A
#934
1#
1(
b00010100111000010111111000110011 )
b00010100111000010111111000110011 *
b00010100111000010111111000110011 +
b00010100111000010111111000110011 ,
0:
1<
b00000000000000000000000000011100 =
1>
b00010100111000010111111000110011 @
b00000000000000000000000000000000 G
#935
b0001001110000001100000100011101000000110101110010100011110000011 -
b0001001110000001100000100011101000000110101110010100011110000010 1
b0001001110000001100000100011101000000110101110010100011110000011 3
19
1:
1A
b00000000000000000000000000000000 B
1C
1E
b00000000000000000000000000000000 F
#936
0#
0:
0<
0>
#937
b0001001110000001100000100011101000000110101110010100011110000100 -
b0001001110000001100000100011101000000110101110010100011110000011 1
b0001001110000001100000100011101000000110101110010100011110000100 3
09
1:
0A
#938
1#
b01101000111010111100010101010000 )
b01101000111010111100010101010000 *
b01101000111010111100010101010000 +
b01101000111010111100010101010000 ,
0:
1<
b00000000000000000000000000010100 =
1>
b01101000111010111100010101010000 @
#939
b0001001110000001100000100011101000000110101110010100011110000101 -
b0001001110000001100000100011101000000110101110010100011110000100 1
b0001001110000001100000100011101000000110101110010100011110000101 3
19
1:
1A
#940
0#
0:
0<
0>
#941
b0001001110000001100000100011101000000110101110010100011110000110 -
b0001001110000001100000100011101000000110101110010100011110000101 1
b0001001110000001100000100011101000000110101110010100011110000110 3
09
1:
0A
#942
1#
1$
0(
b01001010001010101100001100010101 )
b01001010001010101100001100010101 *
b01001010001010101100001100010101 +
b01001010001010101100001100010101 ,
b0001001110000001100000100011101001001010001010101100001100010101 -
0:
1<
b00000000000000000000000000000000 =
1>
b01001010001010101100001100010101 @
b00000110101110010100011110000101 G
#943
b0001001110000001100000100011101001001010001010101100001100010101 1
b0001001110000001100000100011101001001010001010101100001100010110 3
19
1:
1A
b00000110101110010100011110000101 B
0C
0E
b00000110101110010100011110000101 F
b01001010001010101100001100010101 G
#944
0#
0$
b0001001110000001100000100011101001001010001010101100001100010110 -
0:
0<
0>
#945
b0001001110000001100000100011101001001010001010101100001100010111 -
b0001001110000001100000100011101001001010001010101100001100010110 1
b0001001110000001100000100011101001001010001010101100001100010111 3
09
1:
0A
b01001010001010101100001100010110 G
#946
1#
1(
b00001100110000010000000101101111 )
b00001100110000010000000101101111 *
b00001100110000010000000101101111 +
b00001100110000010000000101101111 ,
0:
1<
b00000000000000000000000000010000 =
1>
b00001100110000010000000101101111 @
b00000000000000000000000000000000 G
#947
b0001001110000001100000100011101001001010001010101100001100011000 -
b0001001110000001100000100011101001001010001010101100001100010111 1
b0001001110000001100000100011101001001010001010101100001100011000 3
19
1:
1A
b00000000000000000000000000000000 B
1C
1E
b00000000000000000000000000000000 F
#948
0#
0:
0<
0>
#949
b0001001110000001100000100011101001001010001010101100001100011001 -
b0001001110000001100000100011101001001010001010101100001100011000 1
b0001001110000001100000100011101001001010001010101100001100011001 3
09
1:
0A
#950
1#
1&
0(
b00100110111100110010010010111010 )
b00100110111100110010010010111010 *
b00100110111100110010010010111010 +
b00100110111100110010010010111010 ,
b0110100011101011001011110110001100100110111100110010010010111010 /
0:
1<
b00000000000000000000000000001000 =
1>
b00100110111100110010010010111010 @
b01110000110001101010010100101001 G
#951
b0001001110000001100000100011101001001010001010101100001100011010 -
b0001001110000001100000100011101001001010001010101100001100011001 1
b0001001110000001100000100011101001001010001010101100001100011010 3
b0110100011101011001011110110001100100110111100110010010010111010 5
19
1:
1A
b01110000110001101010010100101001 B
0C
0E
b01110000110001101010010100101001 F
b00100110111100110010010010111010 G
#952
0#
0&
0:
0<
0>
#953
b0001001110000001100000100011101001001010001010101100001100011011 -
b0001001110000001100000100011101001001010001010101100001100011010 1
b0001001110000001100000100011101001001010001010101100001100011011 3
09
1:
0A
#954
1#
1'
b00000000000000000000000000000000 )
b00000000000000000000000000000000 *
b00000000000000000000000000000000 +
b00000000000000000000000000000000 ,
b0000000000000000000000000000000000100110111100110010010010111010 /
0:
1<
b00000000000000000000000000001100 =
1>
b00000000000000000000000000000000 @
b01101000111010110010111101100011 G
#955
b0001001110000001100000100011101001001010001010101100001100011100 -
b0001001110000001100000100011101001001010001010101100001100011011 1
b0001001110000001100000100011101001001010001010101100001100011100 3
b0000000000000000000000000000000000100110111100110010010010111010 5
18
19
1:
1A
b01101000111010110010111101100011 B
b01101000111010110010111101100011 F
b00000000000000000000000000000000 G
#956
0#
0'
0:
0<
0>
#957
b0001001110000001100000100011101001001010001010101100001100011101 -
b0001001110000001100000100011101001001010001010101100001100011100 1
b0001001110000001100000100011101001001010001010101100001100011101 3
17
09
1:
0A
1D
#958
1#
1'
b01110000010101011010010111110101 )
b01110000010101011010010111110101 *
b01110000010101011010010111110101 +
b01110000010101011010010111110101 ,
b0111000001010101101001011111010100100110111100110010010010111010 /
0:
1<
1>
b01110000010101011010010111110101 @
#959
b0001001110000001100000100011101001001010001010101100001100011110 -
b0001001110000001100000100011101001001010001010101100001100011101 1
b0001001110000001100000100011101001001010001010101100001100011110 3
b0111000001010101101001011111010100100110111100110010010010111010 5
08
19
1:
1A
b00000000000000000000000000000000 B
b00000000000000000000000000000000 F
b01110000010101011010010111110101 G
#960
0#
0'
0:
0<
0>
#961
b0001001110000001100000100011101001001010001010101100001100011111 -
b0001001110000001100000100011101001001010001010101100001100011110 1
b0001001110000001100000100011101001001010001010101100001100011111 3
07
09
1:
0A
0D
#962
1#
1'
b00000100100010001010110000011010 )
b00000100100010001010110000011010 *
b00000100100010001010110000011010 +
b00000100100010001010110000011010 ,
b0000010010001000101011000001101000100110111100110010010010111010 /
0:
1<
1>
b00000100100010001010110000011010 @
#963
b0001001110000001100000100011101001001010001010101100001100100000 -
b0001001110000001100000100011101001001010001010101100001100011111 1
b0001001110000001100000100011101001001010001010101100001100100000 3
b0000010010001000101011000001101000100110111100110010010010111010 5
18
19
1:
1A
b01110000010101011010010111110101 B
b01110000010101011010010111110101 F
b00000100100010001010110000011010 G
#964
0#
0'
0:
0<
0>
#965
b0001001110000001100000100011101001001010001010101100001100100001 -
b0001001110000001100000100011101001001010001010101100001100100000 1
b0001001110000001100000100011101001001010001010101100001100100001 3
17
09
1:
0A
1D
#966
1#
1(
b01110110011100101011110100100011 )
b01110110011100101011110100100011 *
b01110110011100101011110100100011 +
b01110110011100101011110100100011 ,
0:
1<
b00000000000000000000000000010000 =
1>
b01110110011100101011110100100011 @
b00000000000000000000000000000000 G
#967
b0001001110000001100000100011101001001010001010101100001100100010 -
b0001001110000001100000100011101001001010001010101100001100100001 1
b0001001110000001100000100011101001001010001010101100001100100010 3
19
1:
1A
b00000000000000000000000000000000 B
1C
1E
b00000000000000000000000000000000 F
#968
0#
0:
0<
0>
#969
b0001001110000001100000100011101001001010001010101100001100100011 -
b0001001110000001100000100011101001001010001010101100001100100010 1
b0001001110000001100000100011101001001010001010101100001100100011 3
09
1:
0A
#970
1#
1$
0(
b01111101010111100001100011111000 )
b01111101010111100001100011111000 *
b01111101010111100001100011111000 +
b01111101010111100001100011111000 ,
b0001001110000001100000100011101001111101010111100001100011111000 -
0:
1<
b00000000000000000000000000000000 =
1>
b01111101010111100001100011111000 @
b01001010001010101100001100100010 G
#971
b0001001110000001100000100011101001111101010111100001100011111000 1
b0001001110000001100000100011101001111101010111100001100011111001 3
19
1:
1A
b01001010001010101100001100100010 B
0C
0E
b01001010001010101100001100100010 F
b01111101010111100001100011111000 G
#972
0#
0$
b0001001110000001100000100011101001111101010111100001100011111001 -
0:
0<
0>
#973
b0001001110000001100000100011101001111101010111100001100011111010 -
b0001001110000001100000100011101001111101010111100001100011111001 1
b0001001110000001100000100011101001111101010111100001100011111010 3
09
1:
0A
b01111101010111100001100011111001 G
#974
1#
1(
b01111101111001100111011100010011 )
b01111101111001100111011100010011 *
b01111101111001100111011100010011 +
b01111101111001100111011100010011 ,
0:
1<
b00000000000000000000000000010000 =
1>
b01111101111001100111011100010011 @
b00000000000000000000000000000000 G
#975
b0001001110000001100000100011101001111101010111100001100011111011 -
b0001001110000001100000100011101001111101010111100001100011111010 1
b0001001110000001100000100011101001111101010111100001100011111011 3
19
1:
1A
b00000000000000000000000000000000 B
1C
1E
b00000000000000000000000000000000 F
#976
0#
0:
0<
0>
#977
b0001001110000001100000100011101001111101010111100001100011111100 -
b0001001110000001100000100011101001111101010111100001100011111011 1
b0001001110000001100000100011101001111101010111100001100011111100 3
09
1:
0A
#978
0:
1<
b00000000000000000000000000010100 =
#979
b0001001110000001100000100011101001111101010111100001100011111101 -
b0001001110000001100000100011101001111101010111100001100011111100 1
b0001001110000001100000100011101001111101010111100001100011111101 3
19
1:
1A
#980
0:
0<
#981
b0001001110000001100000100011101001111101010111100001100011111110 -
b0001001110000001100000100011101001111101010111100001100011111101 1
b0001001110000001100000100011101001111101010111100001100011111110 3
09
1:
0A
#982
0:
1<
b00000000000000000000000000011000 =
#983
b0001001110000001100000100011101001111101010111100001100011111111 -
b0001001110000001100000100011101001111101010111100001100011111110 1
b0001001110000001100000100011101001111101010111100001100011111111 3
19
1:
1A
#984
0:
0<
#985
b0001001110000001100000100011101001111101010111100001100100000000 -
b0001001110000001100000100011101001111101010111100001100011111111 1
b0001001110000001100000100011101001111101010111100001100100000000 3
09
1:
0A
#986
0(
0:
1<
b00000000000000000000000000000000 =
b01111101010111100001100011111111 G
#987
b0001001110000001100000100011101001111101010111100001100100000001 -
b0001001110000001100000100011101001111101010111100001100100000000 1
b0001001110000001100000100011101001111101010111100001100100000001 3
19
1:
1A
b01111101010111100001100011111111 B
0C
0E
b01111101010111100001100011111111 F
b01111101010111100001100100000000 G
#988
0:
0<
#989
b0001001110000001100000100011101001111101010111100001100100000010 -
b0001001110000001100000100011101001111101010111100001100100000001 1
b0001001110000001100000100011101001111101010111100001100100000010 3
09
1:
0A
b01111101010111100001100100000001 G
#990
0:
1<
#991
b0001001110000001100000100011101001111101010111100001100100000011 -
b0001001110000001100000100011101001111101010111100001100100000010 1
b0001001110000001100000100011101001111101010111100001100100000011 3
19
1:
1A
b01111101010111100001100100000001 B
b01111101010111100001100100000001 F
b01111101010111100001100100000010 G
#992
0:
0<
#993
b0001001110000001100000100011101001111101010111100001100100000100 -
b0001001110000001100000100011101001111101010111100001100100000011 1
b0001001110000001100000100011101001111101010111100001100100000100 3
09
1:
0A
b01111101010111100001100100000011 G
#994
1#
1%
b01011001101011011110101000111101 )
b01011001101011011110101000111101 *
b01011001101011011110101000111101 +
b01011001101011011110101000111101 ,
b0101100110101101111010100011110101111101010111100001100100000100 -
0:
1<
b00000000000000000000000000000100 =
1>
b01011001101011011110101000111101 @
b00010011100000011000001000111010 G
#995
b0101100110101101111010100011110101111101010111100001100100000101 -
b0101100110101101111010100011110101111101010111100001100100000100 1
b0101100110101101111010100011110101111101010111100001100100000101 3
19
1:
1A
b00010011100000011000001000111010 B
b00010011100000011000001000111010 F
b01011001101011011110101000111101 G
#996
0#
0%
0:
0<
0>
#997
b0101100110101101111010100011110101111101010111100001100100000110 -
b0101100110101101111010100011110101111101010111100001100100000101 1
b0101100110101101111010100011110101111101010111100001100100000110 3
09
1:
0A
#998
1(
0:
1<
b00000000000000000000000000010000 =
b00000000000000000000000000000000 G
#999
b0101100110101101111010100011110101111101010111100001100100000111 -
b0101100110101101111010100011110101111101010111100001100100000110 1
b0101100110101101111010100011110101111101010111100001100100000111 3
19
1:
1A
b00000000000000000000000000000000 B
1C
1E
b00000000000000000000000000000000 F
#1000
0:
0<
#1001
b0101100110101101111010100011110101111101010111100001100100001000 -
b0101100110101101111010100011110101111101010111100001100100000111 1
b0101100110101101111010100011110101111101010111100001100100001000 3
09
1:
0A
#1002
0:
1<
b00000000000000000000000000011100 =
#1003
b0101100110101101111010100011110101111101010111100001100100001001 -
b0101100110101101111010100011110101111101010111100001100100001000 1
b0101100110101101111010100011110101111101010111100001100100001001 3
19
1:
1A
#1004
0:
0<
#1005
b0101100110101101111010100011110101111101010111100001100100001010 -
b0101100110101101111010100011110101111101010111100001100100001001 1
b0101100110101101111010100011110101111101010111100001100100001010 3
09
1:
0A
#1006
0:
1<
#1007
b0101100110101101111010100011110101111101010111100001100100001011 -
b0101100110101101111010100011110101111101010111100001100100001010 1
b0101100110101101111010100011110101111101010111100001100100001011 3
19
1:
1A
#1008
0:
0<
#1009
b0101100110101101111010100011110101111101010111100001100100001100 -
b0101100110101101111010100011110101111101010111100001100100001011 1
b0101100110101101111010100011110101111101010111100001100100001100 3
09
1:
0A
#1010
0(
0:
1<
b00000000000000000000000000001100 =
b00000100100010001010110000011010 G
#1011
b0101100110101101111010100011110101111101010111100001100100001101 -
b0101100110101101111010100011110101111101010111100001100100001100 1
b0101100110101101111010100011110101111101010111100001100100001101 3
19
1:
1A
b00000100100010001010110000011010 B
0C
0E
b00000100100010001010110000011010 F
#1012
0:
0<
#1013
b0101100110101101111010100011110101111101010111100001100100001110 -
b0101100110101101111010100011110101111101010111100001100100001101 1
b0101100110101101111010100011110101111101010111100001100100001110 3
09
1:
0A
#1014
1(
0:
1<
b00000000000000000000000000010100 =
b00000000000000000000000000000000 G
#1015
b0101100110101101111010100011110101111101010111100001100100001111 -
b0101100110101101111010100011110101111101010111100001100100001110 1
b0101100110101101111010100011110101111101010111100001100100001111 3
19
1:
1A
b00000000000000000000000000000000 B
1C
1E
b00000000000000000000000000000000 F
#1016
0:
0<
#1017
b0101100110101101111010100011110101111101010111100001100100010000 -
b0101100110101101111010100011110101111101010111100001100100001111 1
b0101100110101101111010100011110101111101010111100001100100010000 3
09
1:
0A
#1018
1#
b00001110011111111111101000101011 )
b00001110011111111111101000101011 *
b00001110011111111111101000101011 +
b00001110011111111111101000101011 ,
0:
1<
b00000000000000000000000000011000 =
1>
b00001110011111111111101000101011 @
#1019
b0101100110101101111010100011110101111101010111100001100100010001 -
b0101100110101101111010100011110101111101010111100001100100010000 1
b0101100110101101111010100011110101111101010111100001100100010001 3
19
1:
1A
#1020
0#
0:
0<
0>
#1021
b0101100110101101111010100011110101111101010111100001100100010010 -
b0101100110101101111010100011110101111101010111100001100100010001 1
b0101100110101101111010100011110101111101010111100001100100010010 3
09
1:
0A
#1022
0(
0:
1<
b00000000000000000000000000001000 =
b00100110111100110010010010111010 G
#1023
b0101100110101101111010100011110101111101010111100001100100010011 -
b0101100110101101111010100011110101111101010111100001100100010010 1
b0101100110101101111010100011110101111101010111100001100100010011 3
19
1:
1A
b00100110111100110010010010111010 B
0C
0E
b00100110111100110010010010111010 F
#1024
0:
0<
#1025
b0101100110101101111010100011110101111101010111100001100100010100 -
b0101100110101101111010100011110101111101010111100001100100010011 1
b0101100110101101111010100011110101111101010111100001100100010100 3
09
1:
0A
#1026
1(
0:
1<
b00000000000000000000000000010100 =
b00000000000000000000000000000000 G
#1027
b0101100110101101111010100011110101111101010111100001100100010101 -
b0101100110101101111010100011110101111101010111100001100100010100 1
b0101100110101101111010100011110101111101010111100001100100010101 3
19
1:
1A
b00000000000000000000000000000000 B
1C
1E
b00000000000000000000000000000000 F
#1028
0:
0<
#1029
b0101100110101101111010100011110101111101010111100001100100010110 -
b0101100110101101111010100011110101111101010111100001100100010101 1
b0101100110101101111010100011110101111101010111100001100100010110 3
09
1:
0A
#1030
0:
1<
b00000000000000000000000000011000 =
#1031
b0101100110101101111010100011110101111101010111100001100100010111 -
b0101100110101101111010100011110101111101010111100001100100010110 1
b0101100110101101111010100011110101111101010111100001100100010111 3
19
1:
1A
#1032
0:
0<
#1033
b0101100110101101111010100011110101111101010111100001100100011000 -
b0101100110101101111010100011110101111101010111100001100100010111 1
b0101100110101101111010100011110101111101010111100001100100011000 3
09
1:
0A
#1034
1#
b00101100001001110001011100111011 )
b00101100001001110001011100111011 *
b00101100001001110001011100111011 +
b00101100001001110001011100111011 ,
0:
1<
b00000000000000000000000000010100 =
1>
b00101100001001110001011100111011 @
#1035
b0101100110101101111010100011110101111101010111100001100100011001 -
b0101100110101101111010100011110101111101010111100001100100011000 1
b0101100110101101111010100011110101111101010111100001100100011001 3
19
1:
1A
#1036
0#
0:
0<
0>
#1037
b0101100110101101111010100011110101111101010111100001100100011010 -
b0101100110101101111010100011110101111101010111100001100100011001 1
b0101100110101101111010100011110101111101010111100001100100011010 3
09
1:
0A
#1038
0:
1<
b00000000000000000000000000010000 =
#1039
b0101100110101101111010100011110101111101010111100001100100011011 -
b0101100110101101111010100011110101111101010111100001100100011010 1
b0101100110101101111010100011110101111101010111100001100100011011 3
19
1:
1A
#1040
0:
0<
#1041
b0101100110101101111010100011110101111101010111100001100100011100 -
b0101100110101101111010100011110101111101010111100001100100011011 1
b0101100110101101111010100011110101111101010111100001100100011100 3
09
1:
0A
#1042
0(
0:
1<
b00000000000000000000000000001100 =
b00000100100010001010110000011010 G
#1043
b0101100110101101111010100011110101111101010111100001100100011101 -
b0101100110101101111010100011110101111101010111100001100100011100 1
b0101100110101101111010100011110101111101010111100001100100011101 3
19
1:
1A
b00000100100010001010110000011010 B
0C
0E
b00000100100010001010110000011010 F
#1044
0:
0<
#1045
b0101100110101101111010100011110101111101010111100001100100011110 -
b0101100110101101111010100011110101111101010111100001100100011101 1
b0101100110101101111010100011110101111101010111100001100100011110 3
09
1:
0A
#1046
1#
1(
b00100111000010001100100110101111 )
b00100111000010001100100110101111 *
b00100111000010001100100110101111 +
b00100111000010001100100110101111 ,
0:
1<
b00000000000000000000000000010000 =
1>
b00100111000010001100100110101111 @
b00000000000000000000000000000000 G
#1047
b0101100110101101111010100011110101111101010111100001100100011111 -
b0101100110101101111010100011110101111101010111100001100100011110 1
b0101100110101101111010100011110101111101010111100001100100011111 3
19
1:
1A
b00000000000000000000000000000000 B
1C
1E
b00000000000000000000000000000000 F
#1048
0#
0:
0<
0>
#1049
b0101100110101101111010100011110101111101010111100001100100100000 -
b0101100110101101111010100011110101111101010111100001100100011111 1
b0101100110101101111010100011110101111101010111100001100100100000 3
09
1:
0A
#1050
0(
0:
1<
b00000000000000000000000000001000 =
b00100110111100110010010010111010 G
#1051
b0101100110101101111010100011110101111101010111100001100100100001 -
b0101100110101101111010100011110101111101010111100001100100100000 1
b0101100110101101111010100011110101111101010111100001100100100001 3
19
1:
1A
b00100110111100110010010010111010 B
0C
0E
b00100110111100110010010010111010 F
#1052
0:
0<
#1053
b0101100110101101111010100011110101111101010111100001100100100010 -
b0101100110101101111010100011110101111101010111100001100100100001 1
b0101100110101101111010100011110101111101010111100001100100100010 3
09
1:
0A
#1054
1(
0:
1<
b00000000000000000000000000010000 =
b00000000000000000000000000000000 G
#1055
b0101100110101101111010100011110101111101010111100001100100100011 -
b0101100110101101111010100011110101111101010111100001100100100010 1
b0101100110101101111010100011110101111101010111100001100100100011 3
19
1:
1A
b00000000000000000000000000000000 B
1C
1E
b00000000000000000000000000000000 F
#1056
0:
0<
#1057
b0101100110101101111010100011110101111101010111100001100100100100 -
b0101100110101101111010100011110101111101010111100001100100100011 1
b0101100110101101111010100011110101111101010111100001100100100100 3
09
1:
0A
#1058
0:
1<
b00000000000000000000000000011100 =
#1059
b0101100110101101111010100011110101111101010111100001100100100101 -
b0101100110101101111010100011110101111101010111100001100100100100 1
b0101100110101101111010100011110101111101010111100001100100100101 3
19
1:
1A
#1060
0:
0<
#1061
b0101100110101101111010100011110101111101010111100001100100100110 -
b0101100110101101111010100011110101111101010111100001100100100101 1
b0101100110101101111010100011110101111101010111100001100100100110 3
09
1:
0A
#1062
1#
b00101100011011100100101011111101 )
b00101100011011100100101011111101 *
b00101100011011100100101011111101 +
b00101100011011100100101011111101 ,
0:
1<
b00000000000000000000000000010100 =
1>
b00101100011011100100101011111101 @
#1063
b0101100110101101111010100011110101111101010111100001100100100111 -
b0101100110101101111010100011110101111101010111100001100100100110 1
b0101100110101101111010100011110101111101010111100001100100100111 3
19
1:
1A
#1064
0#
0:
0<
0>
#1065
b0101100110101101111010100011110101111101010111100001100100101000 -
b0101100110101101111010100011110101111101010111100001100100100111 1
b0101100110101101111010100011110101111101010111100001100100101000 3
09
1:
0A
#1066
b0000000000000000000000000000000000000000000000000000000000000001 -
b1111111111111111111111111111111111111111111111111111111111111111 /
b0000000000000000000000000000000000000000000000000000000000000000 1
b0000000000000000000000000000000000000000000000000000000000000001 3
b1111111111111111111111111111111111111111111111111111111111111111 5
07
08
0:
0;
0D
#1067
1:
#1068
0:
#1069
1:
#1070
0:
#1071
1:
#1072
0:
#1073
1:
#1074
0:
#1075
1:
#1076
0:
1;
#1077
b0000000000000000000000000000000000000000000000000000000000000010 -
b0000000000000000000000000000000000000000000000000000000000000001 1
b0000000000000000000000000000000000000000000000000000000000000010 3
1:
#1078
0:
#1079
b0000000000000000000000000000000000000000000000000000000000000011 -
b0000000000000000000000000000000000000000000000000000000000000010 1
b0000000000000000000000000000000000000000000000000000000000000011 3
1:
#1080
0:
#1081
b0000000000000000000000000000000000000000000000000000000000000100 -
b0000000000000000000000000000000000000000000000000000000000000011 1
b0000000000000000000000000000000000000000000000000000000000000100 3
1:
#1082
0:
#1083
b0000000000000000000000000000000000000000000000000000000000000101 -
b0000000000000000000000000000000000000000000000000000000000000100 1
b0000000000000000000000000000000000000000000000000000000000000101 3
1:
#1084
0:
#1085
b0000000000000000000000000000000000000000000000000000000000000110 -
b0000000000000000000000000000000000000000000000000000000000000101 1
b0000000000000000000000000000000000000000000000000000000000000110 3
1:
#1086
0:
1<
b00000000000000000000000000010000 =
#1087
b0000000000000000000000000000000000000000000000000000000000000111 -
b0000000000000000000000000000000000000000000000000000000000000110 1
b0000000000000000000000000000000000000000000000000000000000000111 3
19
1:
1A
#1088
0:
0<
#1089
b0000000000000000000000000000000000000000000000000000000000001000 -
b0000000000000000000000000000000000000000000000000000000000000111 1
b0000000000000000000000000000000000000000000000000000000000001000 3
09
1:
0A
#1090
1#
b11011110101011010000000000000000 )
b11011110101011010000000000000000 *
b11011110101011010000000000000000 +
b11011110101011010000000000000000 ,
0:
1<
1>
b11011110101011010000000000000000 @
#1091
b0000000000000000000000000000000000000000000000000000000000001001 -
b0000000000000000000000000000000000000000000000000000000000001000 1
b0000000000000000000000000000000000000000000000000000000000001001 3
19
1:
1A
#1092
0#
0:
0<
0>
#1093
b0000000000000000000000000000000000000000000000000000000000001010 -
b0000000000000000000000000000000000000000000000000000000000001001 1
b0000000000000000000000000000000000000000000000000000000000001010 3
09
1:
0A
#1094
0:
1<
b00000000000000000000000000010100 =
#1095
b0000000000000000000000000000000000000000000000000000000000001011 -
b0000000000000000000000000000000000000000000000000000000000001010 1
b0000000000000000000000000000000000000000000000000000000000001011 3
19
1:
1A
#1096
0:
0<
#1097
b0000000000000000000000000000000000000000000000000000000000001100 -
b0000000000000000000000000000000000000000000000000000000000001011 1
b0000000000000000000000000000000000000000000000000000000000001100 3
09
1:
0A
#1098
1#
b11011110101011010000000000000001 )
b11011110101011010000000000000001 *
b11011110101011010000000000000001 +
b11011110101011010000000000000001 ,
0:
1<
1>
b11011110101011010000000000000001 @
#1099
b0000000000000000000000000000000000000000000000000000000000001101 -
b0000000000000000000000000000000000000000000000000000000000001100 1
b0000000000000000000000000000000000000000000000000000000000001101 3
19
1:
1A
#1100
0#
0:
0<
0>
#1101
b0000000000000000000000000000000000000000000000000000000000001110 -
b0000000000000000000000000000000000000000000000000000000000001101 1
b0000000000000000000000000000000000000000000000000000000000001110 3
09
1:
0A
#1102
0:
1<
b00000000000000000000000000011000 =
#1103
b0000000000000000000000000000000000000000000000000000000000001111 -
b0000000000000000000000000000000000000000000000000000000000001110 1
b0000000000000000000000000000000000000000000000000000000000001111 3
19
1:
1A
#1104
0:
0<
#1105
b0000000000000000000000000000000000000000000000000000000000010000 -
b0000000000000000000000000000000000000000000000000000000000001111 1
b0000000000000000000000000000000000000000000000000000000000010000 3
09
1:
0A
#1106
1#
b11011110101011010000000000000010 )
b11011110101011010000000000000010 *
b11011110101011010000000000000010 +
b11011110101011010000000000000010 ,
0:
1<
1>
b11011110101011010000000000000010 @
#1107
b0000000000000000000000000000000000000000000000000000000000010001 -
b0000000000000000000000000000000000000000000000000000000000010000 1
b0000000000000000000000000000000000000000000000000000000000010001 3
19
1:
1A
#1108
0#
0:
0<
0>
#1109
b0000000000000000000000000000000000000000000000000000000000010010 -
b0000000000000000000000000000000000000000000000000000000000010001 1
b0000000000000000000000000000000000000000000000000000000000010010 3
09
1:
0A
#1110
0:
1<
b00000000000000000000000000011100 =
#1111
b0000000000000000000000000000000000000000000000000000000000010011 -
b0000000000000000000000000000000000000000000000000000000000010010 1
b0000000000000000000000000000000000000000000000000000000000010011 3
19
1:
1A
#1112
0:
0<
#1113
b0000000000000000000000000000000000000000000000000000000000010100 -
b0000000000000000000000000000000000000000000000000000000000010011 1
b0000000000000000000000000000000000000000000000000000000000010100 3
09
1:
0A
#1114
1#
b11011110101011010000000000000011 )
b11011110101011010000000000000011 *
b11011110101011010000000000000011 +
b11011110101011010000000000000011 ,
0:
1<
1>
b11011110101011010000000000000011 @
#1115
b0000000000000000000000000000000000000000000000000000000000010101 -
b0000000000000000000000000000000000000000000000000000000000010100 1
b0000000000000000000000000000000000000000000000000000000000010101 3
19
1:
1A
#1116
0#
0:
0<
0>
#1117
b0000000000000000000000000000000000000000000000000000000000010110 -
b0000000000000000000000000000000000000000000000000000000000010101 1
b0000000000000000000000000000000000000000000000000000000000010110 3
09
1:
0A
#1118
0:
1<
b00000000000000000000000000100000 =
#1119
b0000000000000000000000000000000000000000000000000000000000010111 -
b0000000000000000000000000000000000000000000000000000000000010110 1
b0000000000000000000000000000000000000000000000000000000000010111 3
19
1:
1A
#1120
0:
0<
#1121
b0000000000000000000000000000000000000000000000000000000000011000 -
b0000000000000000000000000000000000000000000000000000000000010111 1
b0000000000000000000000000000000000000000000000000000000000011000 3
09
1:
0A
#1122
1#
b11011110101011010000000000000100 )
b11011110101011010000000000000100 *
b11011110101011010000000000000100 +
b11011110101011010000000000000100 ,
0:
1<
1>
b11011110101011010000000000000100 @
#1123
b0000000000000000000000000000000000000000000000000000000000011001 -
b0000000000000000000000000000000000000000000000000000000000011000 1
b0000000000000000000000000000000000000000000000000000000000011001 3
19
1:
1A
#1124
0#
0:
0<
0>
#1125
b0000000000000000000000000000000000000000000000000000000000011010 -
b0000000000000000000000000000000000000000000000000000000000011001 1
b0000000000000000000000000000000000000000000000000000000000011010 3
09
1:
0A
#1126
0:
1<
b00000000000000000000000000100100 =
#1127
b0000000000000000000000000000000000000000000000000000000000011011 -
b0000000000000000000000000000000000000000000000000000000000011010 1
b0000000000000000000000000000000000000000000000000000000000011011 3
19
1:
1A
#1128
0:
0<
#1129
b0000000000000000000000000000000000000000000000000000000000011100 -
b0000000000000000000000000000000000000000000000000000000000011011 1
b0000000000000000000000000000000000000000000000000000000000011100 3
09
1:
0A
#1130
1#
b11011110101011010000000000000101 )
b11011110101011010000000000000101 *
b11011110101011010000000000000101 +
b11011110101011010000000000000101 ,
0:
1<
1>
b11011110101011010000000000000101 @
#1131
b0000000000000000000000000000000000000000000000000000000000011101 -
b0000000000000000000000000000000000000000000000000000000000011100 1
b0000000000000000000000000000000000000000000000000000000000011101 3
19
1:
1A
#1132
0#
0:
0<
0>
#1133
b0000000000000000000000000000000000000000000000000000000000011110 -
b0000000000000000000000000000000000000000000000000000000000011101 1
b0000000000000000000000000000000000000000000000000000000000011110 3
09
1:
0A
#1134
0:
1<
b00000000000000000000000000101000 =
#1135
b0000000000000000000000000000000000000000000000000000000000011111 -
b0000000000000000000000000000000000000000000000000000000000011110 1
b0000000000000000000000000000000000000000000000000000000000011111 3
19
1:
1A
#1136
0:
0<
#1137
b0000000000000000000000000000000000000000000000000000000000100000 -
b0000000000000000000000000000000000000000000000000000000000011111 1
b0000000000000000000000000000000000000000000000000000000000100000 3
09
1:
0A
#1138
1#
b11011110101011010000000000000110 )
b11011110101011010000000000000110 *
b11011110101011010000000000000110 +
b11011110101011010000000000000110 ,
0:
1<
1>
b11011110101011010000000000000110 @
#1139
b0000000000000000000000000000000000000000000000000000000000100001 -
b0000000000000000000000000000000000000000000000000000000000100000 1
b0000000000000000000000000000000000000000000000000000000000100001 3
19
1:
1A
#1140
0#
0:
0<
0>
#1141
b0000000000000000000000000000000000000000000000000000000000100010 -
b0000000000000000000000000000000000000000000000000000000000100001 1
b0000000000000000000000000000000000000000000000000000000000100010 3
09
1:
0A
#1142
0:
1<
b00000000000000000000000000101100 =
#1143
b0000000000000000000000000000000000000000000000000000000000100011 -
b0000000000000000000000000000000000000000000000000000000000100010 1
b0000000000000000000000000000000000000000000000000000000000100011 3
19
1:
1A
#1144
0:
0<
#1145
b0000000000000000000000000000000000000000000000000000000000100100 -
b0000000000000000000000000000000000000000000000000000000000100011 1
b0000000000000000000000000000000000000000000000000000000000100100 3
09
1:
0A
#1146
1#
b11011110101011010000000000000111 )
b11011110101011010000000000000111 *
b11011110101011010000000000000111 +
b11011110101011010000000000000111 ,
0:
1<
1>
b11011110101011010000000000000111 @
#1147
b0000000000000000000000000000000000000000000000000000000000100101 -
b0000000000000000000000000000000000000000000000000000000000100100 1
b0000000000000000000000000000000000000000000000000000000000100101 3
19
1:
1A
#1148
0#
0:
0<
0>
#1149
b0000000000000000000000000000000000000000000000000000000000100110 -
b0000000000000000000000000000000000000000000000000000000000100101 1
b0000000000000000000000000000000000000000000000000000000000100110 3
09
1:
0A
#1150
0:
1<
b00000000000000000000000100000000 =
#1151
b0000000000000000000000000000000000000000000000000000000000100111 -
b0000000000000000000000000000000000000000000000000000000000100110 1
b0000000000000000000000000000000000000000000000000000000000100111 3
19
1:
1A
#1152
0:
0<
#1153
b0000000000000000000000000000000000000000000000000000000000101000 -
b0000000000000000000000000000000000000000000000000000000000100111 1
b0000000000000000000000000000000000000000000000000000000000101000 3
09
1:
0A
#1154
1#
b11011110101011010000000000001000 )
b11011110101011010000000000001000 *
b11011110101011010000000000001000 +
b11011110101011010000000000001000 ,
0:
1<
1>
b11011110101011010000000000001000 @
#1155
b0000000000000000000000000000000000000000000000000000000000101001 -
b0000000000000000000000000000000000000000000000000000000000101000 1
b0000000000000000000000000000000000000000000000000000000000101001 3
19
1:
1A
#1156
0#
0:
0<
0>
#1157
b0000000000000000000000000000000000000000000000000000000000101010 -
b0000000000000000000000000000000000000000000000000000000000101001 1
b0000000000000000000000000000000000000000000000000000000000101010 3
09
1:
0A
#1158
0:
1<
b00000000000000000000000011111111 =
#1159
b0000000000000000000000000000000000000000000000000000000000101011 -
b0000000000000000000000000000000000000000000000000000000000101010 1
b0000000000000000000000000000000000000000000000000000000000101011 3
19
1:
1A
#1160
0:
0<
#1161
b0000000000000000000000000000000000000000000000000000000000101100 -
b0000000000000000000000000000000000000000000000000000000000101011 1
b0000000000000000000000000000000000000000000000000000000000101100 3
09
1:
0A
#1162
1#
b11011110101011010000000000001001 )
b11011110101011010000000000001001 *
b11011110101011010000000000001001 +
b11011110101011010000000000001001 ,
0:
1<
1>
b11011110101011010000000000001001 @
#1163
b0000000000000000000000000000000000000000000000000000000000101101 -
b0000000000000000000000000000000000000000000000000000000000101100 1
b0000000000000000000000000000000000000000000000000000000000101101 3
19
1:
1A
#1164
0#
0:
0<
0>
#1165
b0000000000000000000000000000000000000000000000000000000000101110 -
b0000000000000000000000000000000000000000000000000000000000101101 1
b0000000000000000000000000000000000000000000000000000000000101110 3
09
1:
0A
#1166
0:
1<
b00000000000000000000101010111100 =
1H
#1167
b0000000000000000000000000000000000000000000000000000000000101111 -
b0000000000000000000000000000000000000000000000000000000000101110 1
b0000000000000000000000000000000000000000000000000000000000101111 3
19
1:
1A
#1168
0:
0<
#1169
b0000000000000000000000000000000000000000000000000000000000110000 -
b0000000000000000000000000000000000000000000000000000000000101111 1
b0000000000000000000000000000000000000000000000000000000000110000 3
09
1:
0A
#1170
1#
b11011110101011010000000000001010 )
b11011110101011010000000000001010 *
b11011110101011010000000000001010 +
b11011110101011010000000000001010 ,
0:
1<
1>
b11011110101011010000000000001010 @
#1171
b0000000000000000000000000000000000000000000000000000000000110001 -
b0000000000000000000000000000000000000000000000000000000000110000 1
b0000000000000000000000000000000000000000000000000000000000110001 3
19
1:
1A
#1172
0#
0:
0<
0>
#1173
b0000000000000000000000000000000000000000000000000000000000110010 -
b0000000000000000000000000000000000000000000000000000000000110001 1
b0000000000000000000000000000000000000000000000000000000000110010 3
09
1:
0A
#1174
0(
0:
1<
b00000000000000000001000000000000 =
b00000000000000000000000000110001 G
#1175
b0000000000000000000000000000000000000000000000000000000000110011 -
b0000000000000000000000000000000000000000000000000000000000110010 1
b0000000000000000000000000000000000000000000000000000000000110011 3
19
1:
1A
b00000000000000000000000000110001 B
0C
0E
b00000000000000000000000000110001 F
b00000000000000000000000000110010 G
#1176
0:
0<
#1177
b0000000000000000000000000000000000000000000000000000000000110100 -
b0000000000000000000000000000000000000000000000000000000000110011 1
b0000000000000000000000000000000000000000000000000000000000110100 3
09
1:
0A
b00000000000000000000000000110011 G
#1178
1#
1$
b11011110101011010000000000001011 )
b11011110101011010000000000001011 *
b11011110101011010000000000001011 +
b11011110101011010000000000001011 ,
b0000000000000000000000000000000011011110101011010000000000001011 -
0:
1<
1>
b11011110101011010000000000001011 @
#1179
b0000000000000000000000000000000011011110101011010000000000001011 1
b0000000000000000000000000000000011011110101011010000000000001100 3
19
1:
1A
b00000000000000000000000000110011 B
b00000000000000000000000000110011 F
b11011110101011010000000000001011 G
#1180
0#
0$
b0000000000000000000000000000000011011110101011010000000000001100 -
0:
0<
0>
#1181
b0000000000000000000000000000000011011110101011010000000000001101 -
b0000000000000000000000000000000011011110101011010000000000001100 1
b0000000000000000000000000000000011011110101011010000000000001101 3
09
1:
0A
b11011110101011010000000000001100 G
#1182
b0000000000000000000000000000000000000000000000000000000000000001 -
b0000000000000000000000000000000000000000000000000000000000000000 1
b0000000000000000000000000000000000000000000000000000000000000001 3
0:
0;
b00000000000000000000000000000000 G
#1183
1:
#1184
0:
#1185
1:
#1186
0:
#1187
1:
#1188
0:
#1189
1:
#1190
0:
#1191
1:
#1192
0:
1;
#1193
b0000000000000000000000000000000000000000000000000000000000000010 -
b0000000000000000000000000000000000000000000000000000000000000001 1
b0000000000000000000000000000000000000000000000000000000000000010 3
1:
b00000000000000000000000000000001 G
#1194
0:
#1195
b0000000000000000000000000000000000000000000000000000000000000011 -
b0000000000000000000000000000000000000000000000000000000000000010 1
b0000000000000000000000000000000000000000000000000000000000000011 3
1:
b00000000000000000000000000000010 G
#1196
0:
#1197
b0000000000000000000000000000000000000000000000000000000000000100 -
b0000000000000000000000000000000000000000000000000000000000000011 1
b0000000000000000000000000000000000000000000000000000000000000100 3
1:
b00000000000000000000000000000011 G
#1198
0:
#1199
b0000000000000000000000000000000000000000000000000000000000000101 -
b0000000000000000000000000000000000000000000000000000000000000100 1
b0000000000000000000000000000000000000000000000000000000000000101 3
1:
b00000000000000000000000000000100 G
#1200
0:
#1201
b0000000000000000000000000000000000000000000000000000000000000110 -
b0000000000000000000000000000000000000000000000000000000000000101 1
b0000000000000000000000000000000000000000000000000000000000000110 3
1:
b00000000000000000000000000000101 G
#1202
1#
1$
b00000000000000000000000000000000 )
b00000000000000000000000000000000 *
b00000000000000000000000000000000 +
b00000000000000000000000000000000 ,
b0000000000000000000000000000000000000000000000000000000000000000 -
0:
1<
b00000000000000000000000000000000 =
1>
b00000000000000000000000000000000 @
0H
#1203
b0000000000000000000000000000000000000000000000000000000000000000 1
b0000000000000000000000000000000000000000000000000000000000000001 3
19
1:
1A
b00000000000000000000000000000101 B
b00000000000000000000000000000101 F
b00000000000000000000000000000000 G
#1204
0#
0$
b0000000000000000000000000000000000000000000000000000000000000001 -
0:
0<
0>
#1205
b0000000000000000000000000000000000000000000000000000000000000010 -
b0000000000000000000000000000000000000000000000000000000000000001 1
b0000000000000000000000000000000000000000000000000000000000000010 3
09
1:
0A
b00000000000000000000000000000001 G
#1206
1#
1&
b00000000000000000000000000000001 )
b00000000000000000000000000000001 *
b00000000000000000000000000000001 +
b00000000000000000000000000000001 ,
b1111111111111111111111111111111100000000000000000000000000000001 /
0:
1<
b00000000000000000000000000001000 =
1>
b00000000000000000000000000000001 @
b11111111111111111111111111111111 G
#1207
b0000000000000000000000000000000000000000000000000000000000000011 -
b0000000000000000000000000000000000000000000000000000000000000010 1
b0000000000000000000000000000000000000000000000000000000000000011 3
b1111111111111111111111111111111100000000000000000000000000000001 5
19
1:
1A
b11111111111111111111111111111111 B
b11111111111111111111111111111111 F
b00000000000000000000000000000001 G
#1208
0#
0&
0:
0<
0>
#1209
b0000000000000000000000000000000000000000000000000000000000000100 -
b0000000000000000000000000000000000000000000000000000000000000011 1
b0000000000000000000000000000000000000000000000000000000000000100 3
09
1:
0A
#1210
1#
1'
b00000000000000000000000000000000 )
b00000000000000000000000000000000 *
b00000000000000000000000000000000 +
b00000000000000000000000000000000 ,
b0000000000000000000000000000000000000000000000000000000000000001 /
0:
1<
b00000000000000000000000000001100 =
1>
b00000000000000000000000000000000 @
b11111111111111111111111111111111 G
#1211
b0000000000000000000000000000000000000000000000000000000000000101 -
b0000000000000000000000000000000000000000000000000000000000000100 1
b0000000000000000000000000000000000000000000000000000000000000101 3
b0000000000000000000000000000000000000000000000000000000000000001 5
18
19
1:
1A
b00000000000000000000000000000000 G
#1212
0#
0'
0:
0<
0>
#1213
b0000000000000000000000000000000000000000000000000000000000000110 -
b0000000000000000000000000000000000000000000000000000000000000101 1
b0000000000000000000000000000000000000000000000000000000000000110 3
17
09
1:
0A
1D
#1214
0:
#1215
b0000000000000000000000000000000000000000000000000000000000000111 -
b0000000000000000000000000000000000000000000000000000000000000110 1
b0000000000000000000000000000000000000000000000000000000000000111 3
1:
#1216
1#
1$
b0000000000000000000000000000000000000000000000000000000000000000 -
0:
1<
b00000000000000000000000000000000 =
1>
b00000000000000000000000000000110 G
#1217
b0000000000000000000000000000000000000000000000000000000000000000 1
b0000000000000000000000000000000000000000000000000000000000000001 3
08
19
1:
1A
b00000000000000000000000000000110 B
b00000000000000000000000000000110 F
b00000000000000000000000000000000 G
#1218
0#
0$
b0000000000000000000000000000000000000000000000000000000000000001 -
0:
0<
0>
#1219
b0000000000000000000000000000000000000000000000000000000000000010 -
b0000000000000000000000000000000000000000000000000000000000000001 1
b0000000000000000000000000000000000000000000000000000000000000010 3
07
18
09
1:
0A
0D
b00000000000000000000000000000001 G
#1220
1#
1&
b00000000000000000000000000000101 )
b00000000000000000000000000000101 *
b00000000000000000000000000000101 +
b00000000000000000000000000000101 ,
b0000000000000000000000000000000000000000000000000000000000000101 /
0:
1<
b00000000000000000000000000001000 =
1>
b00000000000000000000000000000101 @
#1221
b0000000000000000000000000000000000000000000000000000000000000011 -
b0000000000000000000000000000000000000000000000000000000000000010 1
b0000000000000000000000000000000000000000000000000000000000000011 3
b0000000000000000000000000000000000000000000000000000000000000101 5
17
08
19
1:
1A
b00000000000000000000000000000001 B
1D
b00000000000000000000000000000001 F
b00000000000000000000000000000101 G
#1222
0#
0&
0:
0<
0>
#1223
b0000000000000000000000000000000000000000000000000000000000000100 -
b0000000000000000000000000000000000000000000000000000000000000011 1
b0000000000000000000000000000000000000000000000000000000000000100 3
07
09
1:
0A
0D
#1224
1#
1'
b00000000000000000000000000000000 )
b00000000000000000000000000000000 *
b00000000000000000000000000000000 +
b00000000000000000000000000000000 ,
0:
1<
b00000000000000000000000000001100 =
1>
b00000000000000000000000000000000 @
b00000000000000000000000000000000 G
#1225
b0000000000000000000000000000000000000000000000000000000000000101 -
b0000000000000000000000000000000000000000000000000000000000000100 1
b0000000000000000000000000000000000000000000000000000000000000101 3
19
1:
1A
b00000000000000000000000000000000 B
b00000000000000000000000000000000 F
#1226
0#
0'
0:
0<
0>
#1227
b0000000000000000000000000000000000000000000000000000000000000110 -
b0000000000000000000000000000000000000000000000000000000000000101 1
b0000000000000000000000000000000000000000000000000000000000000110 3
18
09
1:
0A
#1228
0:
#1229
b0000000000000000000000000000000000000000000000000000000000000111 -
b0000000000000000000000000000000000000000000000000000000000000110 1
b0000000000000000000000000000000000000000000000000000000000000111 3
17
1:
1D
#1230
1#
1$
b0000000000000000000000000000000000000000000000000000000000000000 -
0:
1<
b00000000000000000000000000000000 =
1>
b00000000000000000000000000000110 G
#1231
b0000000000000000000000000000000000000000000000000000000000000000 1
b0000000000000000000000000000000000000000000000000000000000000001 3
08
19
1:
1A
b00000000000000000000000000000110 B
b00000000000000000000000000000110 F
b00000000000000000000000000000000 G
#1232
0#
0$
b0000000000000000000000000000000000000000000000000000000000000001 -
0:
0<
0>
#1233
b0000000000000000000000000000000000000000000000000000000000000010 -
b0000000000000000000000000000000000000000000000000000000000000001 1
b0000000000000000000000000000000000000000000000000000000000000010 3
07
09
1:
0A
0D
b00000000000000000000000000000001 G
#1234
1#
1&
b00000000000000000000000000001010 )
b00000000000000000000000000001010 *
b00000000000000000000000000001010 +
b00000000000000000000000000001010 ,
b0000000000000000000000000000000000000000000000000000000000001010 /
0:
1<
b00000000000000000000000000001000 =
1>
b00000000000000000000000000001010 @
b00000000000000000000000000000101 G
#1235
b0000000000000000000000000000000000000000000000000000000000000011 -
b0000000000000000000000000000000000000000000000000000000000000010 1
b0000000000000000000000000000000000000000000000000000000000000011 3
b0000000000000000000000000000000000000000000000000000000000001010 5
19
1:
1A
b00000000000000000000000000000101 B
b00000000000000000000000000000101 F
b00000000000000000000000000001010 G
#1236
0#
0&
0:
0<
0>
#1237
b0000000000000000000000000000000000000000000000000000000000000100 -
b0000000000000000000000000000000000000000000000000000000000000011 1
b0000000000000000000000000000000000000000000000000000000000000100 3
09
1:
0A
#1238
1#
1'
b00000000000000000000000000000000 )
b00000000000000000000000000000000 *
b00000000000000000000000000000000 +
b00000000000000000000000000000000 ,
0:
1<
b00000000000000000000000000001100 =
1>
b00000000000000000000000000000000 @
b00000000000000000000000000000000 G
#1239
b0000000000000000000000000000000000000000000000000000000000000101 -
b0000000000000000000000000000000000000000000000000000000000000100 1
b0000000000000000000000000000000000000000000000000000000000000101 3
19
1:
1A
b00000000000000000000000000000000 B
b00000000000000000000000000000000 F
#1240
0#
0'
0:
0<
0>
#1241
b0000000000000000000000000000000000000000000000000000000000000110 -
b0000000000000000000000000000000000000000000000000000000000000101 1
b0000000000000000000000000000000000000000000000000000000000000110 3
09
1:
0A
#1242
0:
#1243
b0000000000000000000000000000000000000000000000000000000000000111 -
b0000000000000000000000000000000000000000000000000000000000000110 1
b0000000000000000000000000000000000000000000000000000000000000111 3
1:
#1244
0:
#1245
b0000000000000000000000000000000000000000000000000000000000001000 -
b0000000000000000000000000000000000000000000000000000000000000111 1
b0000000000000000000000000000000000000000000000000000000000001000 3
1:
#1246
0:
#1247
b0000000000000000000000000000000000000000000000000000000000001001 -
b0000000000000000000000000000000000000000000000000000000000001000 1
b0000000000000000000000000000000000000000000000000000000000001001 3
1:
#1248
0:
#1249
b0000000000000000000000000000000000000000000000000000000000001010 -
b0000000000000000000000000000000000000000000000000000000000001001 1
b0000000000000000000000000000000000000000000000000000000000001010 3
1:
#1250
0:
#1251
b0000000000000000000000000000000000000000000000000000000000001011 -
b0000000000000000000000000000000000000000000000000000000000001010 1
b0000000000000000000000000000000000000000000000000000000000001011 3
18
1:
#1252
0:
#1253
b0000000000000000000000000000000000000000000000000000000000001100 -
b0000000000000000000000000000000000000000000000000000000000001011 1
b0000000000000000000000000000000000000000000000000000000000001100 3
17
1:
1D
#1254
1#
1$
b0000000000000000000000000000000000000000000000000000000000000000 -
0:
1<
b00000000000000000000000000000000 =
1>
b00000000000000000000000000001011 G
#1255
b0000000000000000000000000000000000000000000000000000000000000000 1
b0000000000000000000000000000000000000000000000000000000000000001 3
08
19
1:
1A
b00000000000000000000000000001011 B
b00000000000000000000000000001011 F
b00000000000000000000000000000000 G
#1256
0#
0$
b0000000000000000000000000000000000000000000000000000000000000001 -
0:
0<
0>
#1257
b0000000000000000000000000000000000000000000000000000000000000010 -
b0000000000000000000000000000000000000000000000000000000000000001 1
b0000000000000000000000000000000000000000000000000000000000000010 3
07
09
1:
0A
0D
b00000000000000000000000000000001 G
#1258
1#
1&
b00000000000000000000000000001111 )
b00000000000000000000000000001111 *
b00000000000000000000000000001111 +
b00000000000000000000000000001111 ,
b0000000000000000000000000000000000000000000000000000000000001111 /
0:
1<
b00000000000000000000000000001000 =
1>
b00000000000000000000000000001111 @
b00000000000000000000000000001010 G
#1259
b0000000000000000000000000000000000000000000000000000000000000011 -
b0000000000000000000000000000000000000000000000000000000000000010 1
b0000000000000000000000000000000000000000000000000000000000000011 3
b0000000000000000000000000000000000000000000000000000000000001111 5
19
1:
1A
b00000000000000000000000000001010 B
b00000000000000000000000000001010 F
b00000000000000000000000000001111 G
#1260
0#
0&
0:
0<
0>
#1261
b0000000000000000000000000000000000000000000000000000000000000100 -
b0000000000000000000000000000000000000000000000000000000000000011 1
b0000000000000000000000000000000000000000000000000000000000000100 3
09
1:
0A
#1262
1#
1'
b00000000000000000000000000000000 )
b00000000000000000000000000000000 *
b00000000000000000000000000000000 +
b00000000000000000000000000000000 ,
0:
1<
b00000000000000000000000000001100 =
1>
b00000000000000000000000000000000 @
b00000000000000000000000000000000 G
#1263
b0000000000000000000000000000000000000000000000000000000000000101 -
b0000000000000000000000000000000000000000000000000000000000000100 1
b0000000000000000000000000000000000000000000000000000000000000101 3
19
1:
1A
b00000000000000000000000000000000 B
b00000000000000000000000000000000 F
#1264
0#
0'
0:
0<
0>
#1265
b0000000000000000000000000000000000000000000000000000000000000110 -
b0000000000000000000000000000000000000000000000000000000000000101 1
b0000000000000000000000000000000000000000000000000000000000000110 3
09
1:
0A
#1266
0:
#1267
b0000000000000000000000000000000000000000000000000000000000000111 -
b0000000000000000000000000000000000000000000000000000000000000110 1
b0000000000000000000000000000000000000000000000000000000000000111 3
1:
#1268
0:
#1269
b0000000000000000000000000000000000000000000000000000000000001000 -
b0000000000000000000000000000000000000000000000000000000000000111 1
b0000000000000000000000000000000000000000000000000000000000001000 3
1:
#1270
0:
#1271
b0000000000000000000000000000000000000000000000000000000000001001 -
b0000000000000000000000000000000000000000000000000000000000001000 1
b0000000000000000000000000000000000000000000000000000000000001001 3
1:
#1272
0:
#1273
b0000000000000000000000000000000000000000000000000000000000001010 -
b0000000000000000000000000000000000000000000000000000000000001001 1
b0000000000000000000000000000000000000000000000000000000000001010 3
1:
#1274
0:
#1275
b0000000000000000000000000000000000000000000000000000000000001011 -
b0000000000000000000000000000000000000000000000000000000000001010 1
b0000000000000000000000000000000000000000000000000000000000001011 3
1:
#1276
0:
#1277
b0000000000000000000000000000000000000000000000000000000000001100 -
b0000000000000000000000000000000000000000000000000000000000001011 1
b0000000000000000000000000000000000000000000000000000000000001100 3
1:
#1278
0:
#1279
b0000000000000000000000000000000000000000000000000000000000001101 -
b0000000000000000000000000000000000000000000000000000000000001100 1
b0000000000000000000000000000000000000000000000000000000000001101 3
1:
#1280
0:
#1281
b0000000000000000000000000000000000000000000000000000000000001110 -
b0000000000000000000000000000000000000000000000000000000000001101 1
b0000000000000000000000000000000000000000000000000000000000001110 3
1:
#1282
0:
#1283
b0000000000000000000000000000000000000000000000000000000000001111 -
b0000000000000000000000000000000000000000000000000000000000001110 1
b0000000000000000000000000000000000000000000000000000000000001111 3
1:
#1284
0:
#1285
b0000000000000000000000000000000000000000000000000000000000010000 -
b0000000000000000000000000000000000000000000000000000000000001111 1
b0000000000000000000000000000000000000000000000000000000000010000 3
18
1:
#1286
0:
#1287
b0000000000000000000000000000000000000000000000000000000000010001 -
b0000000000000000000000000000000000000000000000000000000000010000 1
b0000000000000000000000000000000000000000000000000000000000010001 3
17
1:
1D
#1288
1#
1$
b0000000000000000000000000000000000000000000000000000000000000000 -
0:
1<
b00000000000000000000000000000000 =
1>
b00000000000000000000000000010000 G
#1289
b0000000000000000000000000000000000000000000000000000000000000000 1
b0000000000000000000000000000000000000000000000000000000000000001 3
08
19
1:
1A
b00000000000000000000000000010000 B
b00000000000000000000000000010000 F
b00000000000000000000000000000000 G
#1290
0#
0$
b0000000000000000000000000000000000000000000000000000000000000001 -
0:
0<
0>
#1291
b0000000000000000000000000000000000000000000000000000000000000010 -
b0000000000000000000000000000000000000000000000000000000000000001 1
b0000000000000000000000000000000000000000000000000000000000000010 3
07
09
1:
0A
0D
b00000000000000000000000000000001 G
#1292
1#
1&
b00000000000000000000000000010100 )
b00000000000000000000000000010100 *
b00000000000000000000000000010100 +
b00000000000000000000000000010100 ,
b0000000000000000000000000000000000000000000000000000000000010100 /
0:
1<
b00000000000000000000000000001000 =
1>
b00000000000000000000000000010100 @
b00000000000000000000000000001111 G
#1293
b0000000000000000000000000000000000000000000000000000000000000011 -
b0000000000000000000000000000000000000000000000000000000000000010 1
b0000000000000000000000000000000000000000000000000000000000000011 3
b0000000000000000000000000000000000000000000000000000000000010100 5
19
1:
1A
b00000000000000000000000000001111 B
b00000000000000000000000000001111 F
b00000000000000000000000000010100 G
#1294
0#
0&
0:
0<
0>
#1295
b0000000000000000000000000000000000000000000000000000000000000100 -
b0000000000000000000000000000000000000000000000000000000000000011 1
b0000000000000000000000000000000000000000000000000000000000000100 3
09
1:
0A
#1296
1#
1'
b00000000000000000000000000000000 )
b00000000000000000000000000000000 *
b00000000000000000000000000000000 +
b00000000000000000000000000000000 ,
0:
1<
b00000000000000000000000000001100 =
1>
b00000000000000000000000000000000 @
b00000000000000000000000000000000 G
#1297
b0000000000000000000000000000000000000000000000000000000000000101 -
b0000000000000000000000000000000000000000000000000000000000000100 1
b0000000000000000000000000000000000000000000000000000000000000101 3
19
1:
1A
b00000000000000000000000000000000 B
b00000000000000000000000000000000 F
#1298
0#
0'
0:
0<
0>
#1299
b0000000000000000000000000000000000000000000000000000000000000110 -
b0000000000000000000000000000000000000000000000000000000000000101 1
b0000000000000000000000000000000000000000000000000000000000000110 3
09
1:
0A
#1300
0:
#1301
b0000000000000000000000000000000000000000000000000000000000000111 -
b0000000000000000000000000000000000000000000000000000000000000110 1
b0000000000000000000000000000000000000000000000000000000000000111 3
1:
#1302
0:
#1303
b0000000000000000000000000000000000000000000000000000000000001000 -
b0000000000000000000000000000000000000000000000000000000000000111 1
b0000000000000000000000000000000000000000000000000000000000001000 3
1:
#1304
0:
#1305
b0000000000000000000000000000000000000000000000000000000000001001 -
b0000000000000000000000000000000000000000000000000000000000001000 1
b0000000000000000000000000000000000000000000000000000000000001001 3
1:
#1306
0:
#1307
b0000000000000000000000000000000000000000000000000000000000001010 -
b0000000000000000000000000000000000000000000000000000000000001001 1
b0000000000000000000000000000000000000000000000000000000000001010 3
1:
#1308
0:
#1309
b0000000000000000000000000000000000000000000000000000000000001011 -
b0000000000000000000000000000000000000000000000000000000000001010 1
b0000000000000000000000000000000000000000000000000000000000001011 3
1:
#1310
0:
#1311
b0000000000000000000000000000000000000000000000000000000000001100 -
b0000000000000000000000000000000000000000000000000000000000001011 1
b0000000000000000000000000000000000000000000000000000000000001100 3
1:
#1312
0:
#1313
b0000000000000000000000000000000000000000000000000000000000001101 -
b0000000000000000000000000000000000000000000000000000000000001100 1
b0000000000000000000000000000000000000000000000000000000000001101 3
1:
#1314
0:
#1315
b0000000000000000000000000000000000000000000000000000000000001110 -
b0000000000000000000000000000000000000000000000000000000000001101 1
b0000000000000000000000000000000000000000000000000000000000001110 3
1:
#1316
0:
#1317
b0000000000000000000000000000000000000000000000000000000000001111 -
b0000000000000000000000000000000000000000000000000000000000001110 1
b0000000000000000000000000000000000000000000000000000000000001111 3
1:
#1318
0:
#1319
b0000000000000000000000000000000000000000000000000000000000010000 -
b0000000000000000000000000000000000000000000000000000000000001111 1
b0000000000000000000000000000000000000000000000000000000000010000 3
1:
#1320
0:
#1321
b0000000000000000000000000000000000000000000000000000000000010001 -
b0000000000000000000000000000000000000000000000000000000000010000 1
b0000000000000000000000000000000000000000000000000000000000010001 3
1:
#1322
0:
#1323
b0000000000000000000000000000000000000000000000000000000000010010 -
b0000000000000000000000000000000000000000000000000000000000010001 1
b0000000000000000000000000000000000000000000000000000000000010010 3
1:
#1324
0:
#1325
b0000000000000000000000000000000000000000000000000000000000010011 -
b0000000000000000000000000000000000000000000000000000000000010010 1
b0000000000000000000000000000000000000000000000000000000000010011 3
1:
#1326
0:
#1327
b0000000000000000000000000000000000000000000000000000000000010100 -
b0000000000000000000000000000000000000000000000000000000000010011 1
b0000000000000000000000000000000000000000000000000000000000010100 3
1:
#1328
0:
#1329
b0000000000000000000000000000000000000000000000000000000000010101 -
b0000000000000000000000000000000000000000000000000000000000010100 1
b0000000000000000000000000000000000000000000000000000000000010101 3
18
1:
#1330
0:
#1331
b0000000000000000000000000000000000000000000000000000000000010110 -
b0000000000000000000000000000000000000000000000000000000000010101 1
b0000000000000000000000000000000000000000000000000000000000010110 3
17
1:
1D
#1332
1#
1$
b0000000000000000000000000000000000000000000000000000000000000000 -
0:
1<
b00000000000000000000000000000000 =
1>
b00000000000000000000000000010101 G
#1333
b0000000000000000000000000000000000000000000000000000000000000000 1
b0000000000000000000000000000000000000000000000000000000000000001 3
08
19
1:
1A
b00000000000000000000000000010101 B
b00000000000000000000000000010101 F
b00000000000000000000000000000000 G
#1334
0#
0$
b0000000000000000000000000000000000000000000000000000000000000001 -
0:
0<
0>
#1335
b0000000000000000000000000000000000000000000000000000000000000010 -
b0000000000000000000000000000000000000000000000000000000000000001 1
b0000000000000000000000000000000000000000000000000000000000000010 3
07
09
1:
0A
0D
b00000000000000000000000000000001 G
#1336
1#
1&
b00000000000000000000000000011001 )
b00000000000000000000000000011001 *
b00000000000000000000000000011001 +
b00000000000000000000000000011001 ,
b0000000000000000000000000000000000000000000000000000000000011001 /
0:
1<
b00000000000000000000000000001000 =
1>
b00000000000000000000000000011001 @
b00000000000000000000000000010100 G
#1337
b0000000000000000000000000000000000000000000000000000000000000011 -
b0000000000000000000000000000000000000000000000000000000000000010 1
b0000000000000000000000000000000000000000000000000000000000000011 3
b0000000000000000000000000000000000000000000000000000000000011001 5
19
1:
1A
b00000000000000000000000000010100 B
b00000000000000000000000000010100 F
b00000000000000000000000000011001 G
#1338
0#
0&
0:
0<
0>
#1339
b0000000000000000000000000000000000000000000000000000000000000100 -
b0000000000000000000000000000000000000000000000000000000000000011 1
b0000000000000000000000000000000000000000000000000000000000000100 3
09
1:
0A
#1340
1#
1'
b00000000000000000000000000000000 )
b00000000000000000000000000000000 *
b00000000000000000000000000000000 +
b00000000000000000000000000000000 ,
0:
1<
b00000000000000000000000000001100 =
1>
b00000000000000000000000000000000 @
b00000000000000000000000000000000 G
#1341
b0000000000000000000000000000000000000000000000000000000000000101 -
b0000000000000000000000000000000000000000000000000000000000000100 1
b0000000000000000000000000000000000000000000000000000000000000101 3
19
1:
1A
b00000000000000000000000000000000 B
b00000000000000000000000000000000 F
#1342
0#
0'
0:
0<
0>
#1343
b0000000000000000000000000000000000000000000000000000000000000110 -
b0000000000000000000000000000000000000000000000000000000000000101 1
b0000000000000000000000000000000000000000000000000000000000000110 3
09
1:
0A
#1344
0:
#1345
b0000000000000000000000000000000000000000000000000000000000000111 -
b0000000000000000000000000000000000000000000000000000000000000110 1
b0000000000000000000000000000000000000000000000000000000000000111 3
1:
#1346
0:
#1347
b0000000000000000000000000000000000000000000000000000000000001000 -
b0000000000000000000000000000000000000000000000000000000000000111 1
b0000000000000000000000000000000000000000000000000000000000001000 3
1:
#1348
0:
#1349
b0000000000000000000000000000000000000000000000000000000000001001 -
b0000000000000000000000000000000000000000000000000000000000001000 1
b0000000000000000000000000000000000000000000000000000000000001001 3
1:
#1350
0:
#1351
b0000000000000000000000000000000000000000000000000000000000001010 -
b0000000000000000000000000000000000000000000000000000000000001001 1
b0000000000000000000000000000000000000000000000000000000000001010 3
1:
#1352
0:
#1353
b0000000000000000000000000000000000000000000000000000000000001011 -
b0000000000000000000000000000000000000000000000000000000000001010 1
b0000000000000000000000000000000000000000000000000000000000001011 3
1:
#1354
0:
#1355
b0000000000000000000000000000000000000000000000000000000000001100 -
b0000000000000000000000000000000000000000000000000000000000001011 1
b0000000000000000000000000000000000000000000000000000000000001100 3
1:
#1356
0:
#1357
b0000000000000000000000000000000000000000000000000000000000001101 -
b0000000000000000000000000000000000000000000000000000000000001100 1
b0000000000000000000000000000000000000000000000000000000000001101 3
1:
#1358
0:
#1359
b0000000000000000000000000000000000000000000000000000000000001110 -
b0000000000000000000000000000000000000000000000000000000000001101 1
b0000000000000000000000000000000000000000000000000000000000001110 3
1:
#1360
0:
#1361
b0000000000000000000000000000000000000000000000000000000000001111 -
b0000000000000000000000000000000000000000000000000000000000001110 1
b0000000000000000000000000000000000000000000000000000000000001111 3
1:
#1362
0:
#1363
b0000000000000000000000000000000000000000000000000000000000010000 -
b0000000000000000000000000000000000000000000000000000000000001111 1
b0000000000000000000000000000000000000000000000000000000000010000 3
1:
#1364
0:
#1365
b0000000000000000000000000000000000000000000000000000000000010001 -
b0000000000000000000000000000000000000000000000000000000000010000 1
b0000000000000000000000000000000000000000000000000000000000010001 3
1:
#1366
0:
#1367
b0000000000000000000000000000000000000000000000000000000000010010 -
b0000000000000000000000000000000000000000000000000000000000010001 1
b0000000000000000000000000000000000000000000000000000000000010010 3
1:
#1368
0:
#1369
b0000000000000000000000000000000000000000000000000000000000010011 -
b0000000000000000000000000000000000000000000000000000000000010010 1
b0000000000000000000000000000000000000000000000000000000000010011 3
1:
#1370
0:
#1371
b0000000000000000000000000000000000000000000000000000000000010100 -
b0000000000000000000000000000000000000000000000000000000000010011 1
b0000000000000000000000000000000000000000000000000000000000010100 3
1:
#1372
0:
#1373
b0000000000000000000000000000000000000000000000000000000000010101 -
b0000000000000000000000000000000000000000000000000000000000010100 1
b0000000000000000000000000000000000000000000000000000000000010101 3
1:
#1374
0:
#1375
b0000000000000000000000000000000000000000000000000000000000010110 -
b0000000000000000000000000000000000000000000000000000000000010101 1
b0000000000000000000000000000000000000000000000000000000000010110 3
1:
#1376
0:
#1377
b0000000000000000000000000000000000000000000000000000000000010111 -
b0000000000000000000000000000000000000000000000000000000000010110 1
b0000000000000000000000000000000000000000000000000000000000010111 3
1:
#1378
0:
#1379
b0000000000000000000000000000000000000000000000000000000000011000 -
b0000000000000000000000000000000000000000000000000000000000010111 1
b0000000000000000000000000000000000000000000000000000000000011000 3
1:
#1380
0:
#1381
b0000000000000000000000000000000000000000000000000000000000011001 -
b0000000000000000000000000000000000000000000000000000000000011000 1
b0000000000000000000000000000000000000000000000000000000000011001 3
1:
#1382
0:
#1383
b0000000000000000000000000000000000000000000000000000000000011010 -
b0000000000000000000000000000000000000000000000000000000000011001 1
b0000000000000000000000000000000000000000000000000000000000011010 3
18
1:
#1384
0:
#1385
b0000000000000000000000000000000000000000000000000000000000011011 -
b0000000000000000000000000000000000000000000000000000000000011010 1
b0000000000000000000000000000000000000000000000000000000000011011 3
17
1:
1D
#1386
1#
1$
b0000000000000000000000000000000000000000000000000000000000000000 -
0:
1<
b00000000000000000000000000000000 =
1>
b00000000000000000000000000011010 G
#1387
b0000000000000000000000000000000000000000000000000000000000000000 1
b0000000000000000000000000000000000000000000000000000000000000001 3
08
19
1:
1A
b00000000000000000000000000011010 B
b00000000000000000000000000011010 F
b00000000000000000000000000000000 G
#1388
0#
0$
b0000000000000000000000000000000000000000000000000000000000000001 -
0:
0<
0>
#1389
b0000000000000000000000000000000000000000000000000000000000000010 -
b0000000000000000000000000000000000000000000000000000000000000001 1
b0000000000000000000000000000000000000000000000000000000000000010 3
07
09
1:
0A
0D
b00000000000000000000000000000001 G
#1390
1#
1&
b00000000000000000000000000011110 )
b00000000000000000000000000011110 *
b00000000000000000000000000011110 +
b00000000000000000000000000011110 ,
b0000000000000000000000000000000000000000000000000000000000011110 /
0:
1<
b00000000000000000000000000001000 =
1>
b00000000000000000000000000011110 @
b00000000000000000000000000011001 G
#1391
b0000000000000000000000000000000000000000000000000000000000000011 -
b0000000000000000000000000000000000000000000000000000000000000010 1
b0000000000000000000000000000000000000000000000000000000000000011 3
b0000000000000000000000000000000000000000000000000000000000011110 5
19
1:
1A
b00000000000000000000000000011001 B
b00000000000000000000000000011001 F
b00000000000000000000000000011110 G
#1392
0#
0&
0:
0<
0>
#1393
b0000000000000000000000000000000000000000000000000000000000000100 -
b0000000000000000000000000000000000000000000000000000000000000011 1
b0000000000000000000000000000000000000000000000000000000000000100 3
09
1:
0A
#1394
1#
1'
b00000000000000000000000000000000 )
b00000000000000000000000000000000 *
b00000000000000000000000000000000 +
b00000000000000000000000000000000 ,
0:
1<
b00000000000000000000000000001100 =
1>
b00000000000000000000000000000000 @
b00000000000000000000000000000000 G
#1395
b0000000000000000000000000000000000000000000000000000000000000101 -
b0000000000000000000000000000000000000000000000000000000000000100 1
b0000000000000000000000000000000000000000000000000000000000000101 3
19
1:
1A
b00000000000000000000000000000000 B
b00000000000000000000000000000000 F
#1396
0#
0'
0:
0<
0>
#1397
b0000000000000000000000000000000000000000000000000000000000000110 -
b0000000000000000000000000000000000000000000000000000000000000101 1
b0000000000000000000000000000000000000000000000000000000000000110 3
09
1:
0A
#1398
0:
#1399
b0000000000000000000000000000000000000000000000000000000000000111 -
b0000000000000000000000000000000000000000000000000000000000000110 1
b0000000000000000000000000000000000000000000000000000000000000111 3
1:
#1400
0:
#1401
b0000000000000000000000000000000000000000000000000000000000001000 -
b0000000000000000000000000000000000000000000000000000000000000111 1
b0000000000000000000000000000000000000000000000000000000000001000 3
1:
#1402
0:
#1403
b0000000000000000000000000000000000000000000000000000000000001001 -
b0000000000000000000000000000000000000000000000000000000000001000 1
b0000000000000000000000000000000000000000000000000000000000001001 3
1:
#1404
0:
#1405
b0000000000000000000000000000000000000000000000000000000000001010 -
b0000000000000000000000000000000000000000000000000000000000001001 1
b0000000000000000000000000000000000000000000000000000000000001010 3
1:
#1406
0:
#1407
b0000000000000000000000000000000000000000000000000000000000001011 -
b0000000000000000000000000000000000000000000000000000000000001010 1
b0000000000000000000000000000000000000000000000000000000000001011 3
1:
#1408
0:
#1409
b0000000000000000000000000000000000000000000000000000000000001100 -
b0000000000000000000000000000000000000000000000000000000000001011 1
b0000000000000000000000000000000000000000000000000000000000001100 3
1:
#1410
0:
#1411
b0000000000000000000000000000000000000000000000000000000000001101 -
b0000000000000000000000000000000000000000000000000000000000001100 1
b0000000000000000000000000000000000000000000000000000000000001101 3
1:
#1412
0:
#1413
b0000000000000000000000000000000000000000000000000000000000001110 -
b0000000000000000000000000000000000000000000000000000000000001101 1
b0000000000000000000000000000000000000000000000000000000000001110 3
1:
#1414
0:
#1415
b0000000000000000000000000000000000000000000000000000000000001111 -
b0000000000000000000000000000000000000000000000000000000000001110 1
b0000000000000000000000000000000000000000000000000000000000001111 3
1:
#1416
0:
#1417
b0000000000000000000000000000000000000000000000000000000000010000 -
b0000000000000000000000000000000000000000000000000000000000001111 1
b0000000000000000000000000000000000000000000000000000000000010000 3
1:
#1418
0:
#1419
b0000000000000000000000000000000000000000000000000000000000010001 -
b0000000000000000000000000000000000000000000000000000000000010000 1
b0000000000000000000000000000000000000000000000000000000000010001 3
1:
#1420
0:
#1421
b0000000000000000000000000000000000000000000000000000000000010010 -
b0000000000000000000000000000000000000000000000000000000000010001 1
b0000000000000000000000000000000000000000000000000000000000010010 3
1:
#1422
0:
#1423
b0000000000000000000000000000000000000000000000000000000000010011 -
b0000000000000000000000000000000000000000000000000000000000010010 1
b0000000000000000000000000000000000000000000000000000000000010011 3
1:
#1424
0:
#1425
b0000000000000000000000000000000000000000000000000000000000010100 -
b0000000000000000000000000000000000000000000000000000000000010011 1
b0000000000000000000000000000000000000000000000000000000000010100 3
1:
#1426
0:
#1427
b0000000000000000000000000000000000000000000000000000000000010101 -
b0000000000000000000000000000000000000000000000000000000000010100 1
b0000000000000000000000000000000000000000000000000000000000010101 3
1:
#1428
0:
#1429
b0000000000000000000000000000000000000000000000000000000000010110 -
b0000000000000000000000000000000000000000000000000000000000010101 1
b0000000000000000000000000000000000000000000000000000000000010110 3
1:
#1430
0:
#1431
b0000000000000000000000000000000000000000000000000000000000010111 -
b0000000000000000000000000000000000000000000000000000000000010110 1
b0000000000000000000000000000000000000000000000000000000000010111 3
1:
#1432
0:
#1433
b0000000000000000000000000000000000000000000000000000000000011000 -
b0000000000000000000000000000000000000000000000000000000000010111 1
b0000000000000000000000000000000000000000000000000000000000011000 3
1:
#1434
0:
#1435
b0000000000000000000000000000000000000000000000000000000000011001 -
b0000000000000000000000000000000000000000000000000000000000011000 1
b0000000000000000000000000000000000000000000000000000000000011001 3
1:
#1436
0:
#1437
b0000000000000000000000000000000000000000000000000000000000011010 -
b0000000000000000000000000000000000000000000000000000000000011001 1
b0000000000000000000000000000000000000000000000000000000000011010 3
1:
#1438
0:
#1439
b0000000000000000000000000000000000000000000000000000000000011011 -
b0000000000000000000000000000000000000000000000000000000000011010 1
b0000000000000000000000000000000000000000000000000000000000011011 3
1:
#1440
0:
#1441
b0000000000000000000000000000000000000000000000000000000000011100 -
b0000000000000000000000000000000000000000000000000000000000011011 1
b0000000000000000000000000000000000000000000000000000000000011100 3
1:
#1442
0:
#1443
b0000000000000000000000000000000000000000000000000000000000011101 -
b0000000000000000000000000000000000000000000000000000000000011100 1
b0000000000000000000000000000000000000000000000000000000000011101 3
1:
#1444
0:
#1445
b0000000000000000000000000000000000000000000000000000000000011110 -
b0000000000000000000000000000000000000000000000000000000000011101 1
b0000000000000000000000000000000000000000000000000000000000011110 3
1:
#1446
0:
#1447
b0000000000000000000000000000000000000000000000000000000000011111 -
b0000000000000000000000000000000000000000000000000000000000011110 1
b0000000000000000000000000000000000000000000000000000000000011111 3
18
1:
#1448
0:
#1449
b0000000000000000000000000000000000000000000000000000000000100000 -
b0000000000000000000000000000000000000000000000000000000000011111 1
b0000000000000000000000000000000000000000000000000000000000100000 3
17
1:
1D
#1450
b0000000000000000000000000000000000000000000000000000000000000001 -
b1111111111111111111111111111111111111111111111111111111111111111 /
b0000000000000000000000000000000000000000000000000000000000000000 1
b0000000000000000000000000000000000000000000000000000000000000001 3
b1111111111111111111111111111111111111111111111111111111111111111 5
07
08
0:
0;
0D
b11111111111111111111111111111111 G
#1451
1:
#1452
0:
#1453
1:
#1454
0:
#1455
1:
#1456
0:
#1457
1:
#1458
0:
#1459
1:
#1460
0:
1;
#1461
b0000000000000000000000000000000000000000000000000000000000000010 -
b0000000000000000000000000000000000000000000000000000000000000001 1
b0000000000000000000000000000000000000000000000000000000000000010 3
1:
#1462
0:
#1463
b0000000000000000000000000000000000000000000000000000000000000011 -
b0000000000000000000000000000000000000000000000000000000000000010 1
b0000000000000000000000000000000000000000000000000000000000000011 3
1:
#1464
0:
#1465
b0000000000000000000000000000000000000000000000000000000000000100 -
b0000000000000000000000000000000000000000000000000000000000000011 1
b0000000000000000000000000000000000000000000000000000000000000100 3
1:
#1466
0:
#1467
b0000000000000000000000000000000000000000000000000000000000000101 -
b0000000000000000000000000000000000000000000000000000000000000100 1
b0000000000000000000000000000000000000000000000000000000000000101 3
1:
#1468
0:
#1469
b0000000000000000000000000000000000000000000000000000000000000110 -
b0000000000000000000000000000000000000000000000000000000000000101 1
b0000000000000000000000000000000000000000000000000000000000000110 3
1:
#1470
1#
1%
b00000000000000000000000000000001 )
b00000000000000000000000000000001 *
b00000000000000000000000000000001 +
b00000000000000000000000000000001 ,
b0000000000000000000000000000000100000000000000000000000000000110 -
0:
1<
b00000000000000000000000000000100 =
1>
b00000000000000000000000000000001 @
b00000000000000000000000000000000 G
#1471
b0000000000000000000000000000000100000000000000000000000000000111 -
b0000000000000000000000000000000100000000000000000000000000000110 1
b0000000000000000000000000000000100000000000000000000000000000111 3
19
1:
1A
b00000000000000000000000000000001 G
#1472
0#
0%
0:
0<
0>
#1473
b0000000000000000000000000000000100000000000000000000000000001000 -
b0000000000000000000000000000000100000000000000000000000000000111 1
b0000000000000000000000000000000100000000000000000000000000001000 3
09
1:
0A
#1474
1#
1'
b0000000000000000000000000000000111111111111111111111111111111111 /
0:
1<
b00000000000000000000000000001100 =
1>
b11111111111111111111111111111111 G
#1475
b0000000000000000000000000000000100000000000000000000000000001001 -
b0000000000000000000000000000000100000000000000000000000000001000 1
b0000000000000000000000000000000100000000000000000000000000001001 3
b0000000000000000000000000000000111111111111111111111111111111111 5
19
1:
1A
b11111111111111111111111111111111 B
b11111111111111111111111111111111 F
b00000000000000000000000000000001 G
#1476
0#
0'
0:
0<
0>
#1477
b0000000000000000000000000000000100000000000000000000000000001010 -
b0000000000000000000000000000000100000000000000000000000000001001 1
b0000000000000000000000000000000100000000000000000000000000001010 3
09
1:
0A
#1478
0:
1<
b00000000000000000000000000000100 =
#1479
b0000000000000000000000000000000100000000000000000000000000001011 -
b0000000000000000000000000000000100000000000000000000000000001010 1
b0000000000000000000000000000000100000000000000000000000000001011 3
19
1:
1A
b00000000000000000000000000000001 B
b00000000000000000000000000000001 F
#1480
0:
0<
#1481
b0000000000000000000000000000000100000000000000000000000000001100 -
b0000000000000000000000000000000100000000000000000000000000001011 1
b0000000000000000000000000000000100000000000000000000000000001100 3
09
1:
0A
#1482
0:
1<
b00000000000000000000000000001100 =
#1483
b0000000000000000000000000000000100000000000000000000000000001101 -
b0000000000000000000000000000000100000000000000000000000000001100 1
b0000000000000000000000000000000100000000000000000000000000001101 3
19
1:
1A
#1484
0:
0<
#1485
b0000000000000000000000000000000100000000000000000000000000001110 -
b0000000000000000000000000000000100000000000000000000000000001101 1
b0000000000000000000000000000000100000000000000000000000000001110 3
09
1:
0A
#1486
b0000000000000000000000000000000000000000000000000000000000000001 -
b1111111111111111111111111111111111111111111111111111111111111111 /
b0000000000000000000000000000000000000000000000000000000000000000 1
b0000000000000000000000000000000000000000000000000000000000000001 3
b1111111111111111111111111111111111111111111111111111111111111111 5
0:
0;
b11111111111111111111111111111111 G
#1487
1:
#1488
0:
#1489
1:
#1490
0:
#1491
1:
#1492
0:
#1493
1:
#1494
0:
#1495
1:
#1496
0:
1;
#1497
b0000000000000000000000000000000000000000000000000000000000000010 -
b0000000000000000000000000000000000000000000000000000000000000001 1
b0000000000000000000000000000000000000000000000000000000000000010 3
1:
#1498
0:
#1499
b0000000000000000000000000000000000000000000000000000000000000011 -
b0000000000000000000000000000000000000000000000000000000000000010 1
b0000000000000000000000000000000000000000000000000000000000000011 3
1:
#1500
0:
#1501
b0000000000000000000000000000000000000000000000000000000000000100 -
b0000000000000000000000000000000000000000000000000000000000000011 1
b0000000000000000000000000000000000000000000000000000000000000100 3
1:
#1502
0:
#1503
b0000000000000000000000000000000000000000000000000000000000000101 -
b0000000000000000000000000000000000000000000000000000000000000100 1
b0000000000000000000000000000000000000000000000000000000000000101 3
1:
#1504
0:
#1505
b0000000000000000000000000000000000000000000000000000000000000110 -
b0000000000000000000000000000000000000000000000000000000000000101 1
b0000000000000000000000000000000000000000000000000000000000000110 3
1:
#1506
1#
1$
b00010111101000011011010110000010 )
b00010111101000011011010110000010 *
b00010111101000011011010110000010 +
b00010111101000011011010110000010 ,
b0000000000000000000000000000000000010111101000011011010110000010 -
0:
1<
b00000000000000000000000000000000 =
1>
b00010111101000011011010110000010 @
b00000000000000000000000000000101 G
#1507
b0000000000000000000000000000000000010111101000011011010110000010 1
b0000000000000000000000000000000000010111101000011011010110000011 3
19
1:
1A
b00000000000000000000000000000101 B
b00000000000000000000000000000101 F
b00010111101000011011010110000010 G
#1508
0#
0$
b0000000000000000000000000000000000010111101000011011010110000011 -
0:
0<
0>
#1509
b0000000000000000000000000000000000010111101000011011010110000100 -
b0000000000000000000000000000000000010111101000011011010110000011 1
b0000000000000000000000000000000000010111101000011011010110000100 3
09
1:
0A
b00010111101000011011010110000011 G
#1510
1#
1&
b01001101111101110010111001001110 )
b01001101111101110010111001001110 *
b01001101111101110010111001001110 +
b01001101111101110010111001001110 ,
b1111111111111111111111111111111101001101111101110010111001001110 /
0:
1<
b00000000000000000000000000001000 =
1>
b01001101111101110010111001001110 @
b11111111111111111111111111111111 G
#1511
b0000000000000000000000000000000000010111101000011011010110000101 -
b0000000000000000000000000000000000010111101000011011010110000100 1
b0000000000000000000000000000000000010111101000011011010110000101 3
b1111111111111111111111111111111101001101111101110010111001001110 5
19
1:
1A
b11111111111111111111111111111111 B
b11111111111111111111111111111111 F
b01001101111101110010111001001110 G
#1512
0#
0&
0:
0<
0>
#1513
b0000000000000000000000000000000000010111101000011011010110000110 -
b0000000000000000000000000000000000010111101000011011010110000101 1
b0000000000000000000000000000000000010111101000011011010110000110 3
09
1:
0A
#1514
1#
1'
b00000000000000000000000000000000 )
b00000000000000000000000000000000 *
b00000000000000000000000000000000 +
b00000000000000000000000000000000 ,
b0000000000000000000000000000000001001101111101110010111001001110 /
0:
1<
b00000000000000000000000000001100 =
1>
b00000000000000000000000000000000 @
b11111111111111111111111111111111 G
#1515
b0000000000000000000000000000000000010111101000011011010110000111 -
b0000000000000000000000000000000000010111101000011011010110000110 1
b0000000000000000000000000000000000010111101000011011010110000111 3
b0000000000000000000000000000000001001101111101110010111001001110 5
19
1:
1A
b00000000000000000000000000000000 G
#1516
0#
0'
0:
0<
0>
#1517
b0000000000000000000000000000000000010111101000011011010110001000 -
b0000000000000000000000000000000000010111101000011011010110000111 1
b0000000000000000000000000000000000010111101000011011010110001000 3
09
1:
0A
#1518
1#
1$
b01010000010001101011010110101001 )
b01010000010001101011010110101001 *
b01010000010001101011010110101001 +
b01010000010001101011010110101001 ,
b0000000000000000000000000000000001010000010001101011010110101001 -
0:
1<
b00000000000000000000000000000000 =
1>
b01010000010001101011010110101001 @
b00010111101000011011010110000111 G
#1519
b0000000000000000000000000000000001010000010001101011010110101001 1
b0000000000000000000000000000000001010000010001101011010110101010 3
18
19
1:
1A
b00010111101000011011010110000111 B
b00010111101000011011010110000111 F
b01010000010001101011010110101001 G
#1520
0#
0$
b0000000000000000000000000000000001010000010001101011010110101010 -
0:
0<
0>
#1521
b0000000000000000000000000000000001010000010001101011010110101011 -
b0000000000000000000000000000000001010000010001101011010110101010 1
b0000000000000000000000000000000001010000010001101011010110101011 3
17
09
1:
0A
1D
b01010000010001101011010110101010 G
#1522
1#
1&
b01011101100010001000101000001000 )
b01011101100010001000101000001000 *
b01011101100010001000101000001000 +
b01011101100010001000101000001000 ,
b0000000000000000000000000000000001011101100010001000101000001000 /
0:
1<
b00000000000000000000000000001000 =
1>
b01011101100010001000101000001000 @
b01001101111101110010111001001110 G
#1523
b0000000000000000000000000000000001010000010001101011010110101100 -
b0000000000000000000000000000000001010000010001101011010110101011 1
b0000000000000000000000000000000001010000010001101011010110101100 3
b0000000000000000000000000000000001011101100010001000101000001000 5
08
19
1:
1A
b01001101111101110010111001001110 B
b01001101111101110010111001001110 F
b01011101100010001000101000001000 G
#1524
0#
0&
0:
0<
0>
#1525
b0000000000000000000000000000000001010000010001101011010110101101 -
b0000000000000000000000000000000001010000010001101011010110101100 1
b0000000000000000000000000000000001010000010001101011010110101101 3
07
09
1:
0A
0D
#1526
1#
1'
b00000000000000000000000000000000 )
b00000000000000000000000000000000 *
b00000000000000000000000000000000 +
b00000000000000000000000000000000 ,
0:
1<
b00000000000000000000000000001100 =
1>
b00000000000000000000000000000000 @
b00000000000000000000000000000000 G
#1527
b0000000000000000000000000000000001010000010001101011010110101110 -
b0000000000000000000000000000000001010000010001101011010110101101 1
b0000000000000000000000000000000001010000010001101011010110101110 3
19
1:
1A
b00000000000000000000000000000000 B
b00000000000000000000000000000000 F
#1528
0#
0'
0:
0<
0>
#1529
b0000000000000000000000000000000001010000010001101011010110101111 -
b0000000000000000000000000000000001010000010001101011010110101110 1
b0000000000000000000000000000000001010000010001101011010110101111 3
09
1:
0A
#1530
1#
1$
b00101010000010000010110001110000 )
b00101010000010000010110001110000 *
b00101010000010000010110001110000 +
b00101010000010000010110001110000 ,
b0000000000000000000000000000000000101010000010000010110001110000 -
0:
1<
b00000000000000000000000000000000 =
1>
b00101010000010000010110001110000 @
b01010000010001101011010110101110 G
#1531
b0000000000000000000000000000000000101010000010000010110001110000 1
b0000000000000000000000000000000000101010000010000010110001110001 3
19
1:
1A
b01010000010001101011010110101110 B
b01010000010001101011010110101110 F
b00101010000010000010110001110000 G
#1532
0#
0$
b0000000000000000000000000000000000101010000010000010110001110001 -
0:
0<
0>
#1533
b0000000000000000000000000000000000101010000010000010110001110010 -
b0000000000000000000000000000000000101010000010000010110001110001 1
b0000000000000000000000000000000000101010000010000010110001110010 3
09
1:
0A
b00101010000010000010110001110001 G
#1534
1#
1&
b01011110110001101010111111010100 )
b01011110110001101010111111010100 *
b01011110110001101010111111010100 +
b01011110110001101010111111010100 ,
b0000000000000000000000000000000001011110110001101010111111010100 /
0:
1<
b00000000000000000000000000001000 =
1>
b01011110110001101010111111010100 @
b01011101100010001000101000001000 G
#1535
b0000000000000000000000000000000000101010000010000010110001110011 -
b0000000000000000000000000000000000101010000010000010110001110010 1
b0000000000000000000000000000000000101010000010000010110001110011 3
b0000000000000000000000000000000001011110110001101010111111010100 5
19
1:
1A
b01011101100010001000101000001000 B
b01011101100010001000101000001000 F
b01011110110001101010111111010100 G
#1536
0#
0&
0:
0<
0>
#1537
b0000000000000000000000000000000000101010000010000010110001110100 -
b0000000000000000000000000000000000101010000010000010110001110011 1
b0000000000000000000000000000000000101010000010000010110001110100 3
09
1:
0A
#1538
1#
1'
b00000000000000000000000000000000 )
b00000000000000000000000000000000 *
b00000000000000000000000000000000 +
b00000000000000000000000000000000 ,
0:
1<
b00000000000000000000000000001100 =
1>
b00000000000000000000000000000000 @
b00000000000000000000000000000000 G
#1539
b0000000000000000000000000000000000101010000010000010110001110101 -
b0000000000000000000000000000000000101010000010000010110001110100 1
b0000000000000000000000000000000000101010000010000010110001110101 3
19
1:
1A
b00000000000000000000000000000000 B
b00000000000000000000000000000000 F
#1540
0#
0'
0:
0<
0>
#1541
b0000000000000000000000000000000000101010000010000010110001110110 -
b0000000000000000000000000000000000101010000010000010110001110101 1
b0000000000000000000000000000000000101010000010000010110001110110 3
09
1:
0A
#1542
1#
1$
b00011001111000100001101110110010 )
b00011001111000100001101110110010 *
b00011001111000100001101110110010 +
b00011001111000100001101110110010 ,
b0000000000000000000000000000000000011001111000100001101110110010 -
0:
1<
b00000000000000000000000000000000 =
1>
b00011001111000100001101110110010 @
b00101010000010000010110001110101 G
#1543
b0000000000000000000000000000000000011001111000100001101110110010 1
b0000000000000000000000000000000000011001111000100001101110110011 3
19
1:
1A
b00101010000010000010110001110101 B
b00101010000010000010110001110101 F
b00011001111000100001101110110010 G
#1544
0#
0$
b0000000000000000000000000000000000011001111000100001101110110011 -
0:
0<
0>
#1545
b0000000000000000000000000000000000011001111000100001101110110100 -
b0000000000000000000000000000000000011001111000100001101110110011 1
b0000000000000000000000000000000000011001111000100001101110110100 3
09
1:
0A
b00011001111000100001101110110011 G
#1546
1#
1&
b01110101111000001000010110001010 )
b01110101111000001000010110001010 *
b01110101111000001000010110001010 +
b01110101111000001000010110001010 ,
b0000000000000000000000000000000001110101111000001000010110001010 /
0:
1<
b00000000000000000000000000001000 =
1>
b01110101111000001000010110001010 @
b01011110110001101010111111010100 G
#1547
b0000000000000000000000000000000000011001111000100001101110110101 -
b0000000000000000000000000000000000011001111000100001101110110100 1
b0000000000000000000000000000000000011001111000100001101110110101 3
b0000000000000000000000000000000001110101111000001000010110001010 5
19
1:
1A
b01011110110001101010111111010100 B
b01011110110001101010111111010100 F
b01110101111000001000010110001010 G
#1548
0#
0&
0:
0<
0>
#1549
b0000000000000000000000000000000000011001111000100001101110110110 -
b0000000000000000000000000000000000011001111000100001101110110101 1
b0000000000000000000000000000000000011001111000100001101110110110 3
09
1:
0A
#1550
1#
1'
b00000000000000000000000000000000 )
b00000000000000000000000000000000 *
b00000000000000000000000000000000 +
b00000000000000000000000000000000 ,
0:
1<
b00000000000000000000000000001100 =
1>
b00000000000000000000000000000000 @
b00000000000000000000000000000000 G
#1551
b0000000000000000000000000000000000011001111000100001101110110111 -
b0000000000000000000000000000000000011001111000100001101110110110 1
b0000000000000000000000000000000000011001111000100001101110110111 3
19
1:
1A
b00000000000000000000000000000000 B
b00000000000000000000000000000000 F
#1552
0#
0'
0:
0<
0>
#1553
b0000000000000000000000000000000000011001111000100001101110111000 -
b0000000000000000000000000000000000011001111000100001101110110111 1
b0000000000000000000000000000000000011001111000100001101110111000 3
09
1:
0A
#1554
1#
1$
b01010111101001100001101000101001 )
b01010111101001100001101000101001 *
b01010111101001100001101000101001 +
b01010111101001100001101000101001 ,
b0000000000000000000000000000000001010111101001100001101000101001 -
0:
1<
b00000000000000000000000000000000 =
1>
b01010111101001100001101000101001 @
b00011001111000100001101110110111 G
#1555
b0000000000000000000000000000000001010111101001100001101000101001 1
b0000000000000000000000000000000001010111101001100001101000101010 3
19
1:
1A
b00011001111000100001101110110111 B
b00011001111000100001101110110111 F
b01010111101001100001101000101001 G
#1556
0#
0$
b0000000000000000000000000000000001010111101001100001101000101010 -
0:
0<
0>
#1557
b0000000000000000000000000000000001010111101001100001101000101011 -
b0000000000000000000000000000000001010111101001100001101000101010 1
b0000000000000000000000000000000001010111101001100001101000101011 3
09
1:
0A
b01010111101001100001101000101010 G
#1558
1#
1&
b01010011100110011100011001010100 )
b01010011100110011100011001010100 *
b01010011100110011100011001010100 +
b01010011100110011100011001010100 ,
b0000000000000000000000000000000001010011100110011100011001010100 /
0:
1<
b00000000000000000000000000001000 =
1>
b01010011100110011100011001010100 @
b01110101111000001000010110001010 G
#1559
b0000000000000000000000000000000001010111101001100001101000101100 -
b0000000000000000000000000000000001010111101001100001101000101011 1
b0000000000000000000000000000000001010111101001100001101000101100 3
b0000000000000000000000000000000001010011100110011100011001010100 5
18
19
1:
1A
b01110101111000001000010110001010 B
b01110101111000001000010110001010 F
b01010011100110011100011001010100 G
#1560
0#
0&
0:
0<
0>
#1561
b0000000000000000000000000000000001010111101001100001101000101101 -
b0000000000000000000000000000000001010111101001100001101000101100 1
b0000000000000000000000000000000001010111101001100001101000101101 3
17
09
1:
0A
1D
#1562
1#
1'
b00000000000000000000000000000000 )
b00000000000000000000000000000000 *
b00000000000000000000000000000000 +
b00000000000000000000000000000000 ,
0:
1<
b00000000000000000000000000001100 =
1>
b00000000000000000000000000000000 @
b00000000000000000000000000000000 G
#1563
b0000000000000000000000000000000001010111101001100001101000101110 -
b0000000000000000000000000000000001010111101001100001101000101101 1
b0000000000000000000000000000000001010111101001100001101000101110 3
19
1:
1A
b00000000000000000000000000000000 B
b00000000000000000000000000000000 F
#1564
0#
0'
0:
0<
0>
#1565
b0000000000000000000000000000000001010111101001100001101000101111 -
b0000000000000000000000000000000001010111101001100001101000101110 1
b0000000000000000000000000000000001010111101001100001101000101111 3
09
1:
0A
#1566
1#
1$
b00100000111011100001001101001000 )
b00100000111011100001001101001000 *
b00100000111011100001001101001000 +
b00100000111011100001001101001000 ,
b0000000000000000000000000000000000100000111011100001001101001000 -
0:
1<
b00000000000000000000000000000000 =
1>
b00100000111011100001001101001000 @
b01010111101001100001101000101110 G
#1567
b0000000000000000000000000000000000100000111011100001001101001000 1
b0000000000000000000000000000000000100000111011100001001101001001 3
08
19
1:
1A
b01010111101001100001101000101110 B
b01010111101001100001101000101110 F
b00100000111011100001001101001000 G
#1568
0#
0$
b0000000000000000000000000000000000100000111011100001001101001001 -
0:
0<
0>
#1569
b0000000000000000000000000000000000100000111011100001001101001010 -
b0000000000000000000000000000000000100000111011100001001101001001 1
b0000000000000000000000000000000000100000111011100001001101001010 3
07
09
1:
0A
0D
b00100000111011100001001101001001 G
#1570
1#
1&
b01000100001001110000011010011010 )
b01000100001001110000011010011010 *
b01000100001001110000011010011010 +
b01000100001001110000011010011010 ,
b0000000000000000000000000000000001000100001001110000011010011010 /
0:
1<
b00000000000000000000000000001000 =
1>
b01000100001001110000011010011010 @
b01010011100110011100011001010100 G
#1571
b0000000000000000000000000000000000100000111011100001001101001011 -
b0000000000000000000000000000000000100000111011100001001101001010 1
b0000000000000000000000000000000000100000111011100001001101001011 3
b0000000000000000000000000000000001000100001001110000011010011010 5
19
1:
1A
b01010011100110011100011001010100 B
b01010011100110011100011001010100 F
b01000100001001110000011010011010 G
#1572
0#
0&
0:
0<
0>
#1573
b0000000000000000000000000000000000100000111011100001001101001100 -
b0000000000000000000000000000000000100000111011100001001101001011 1
b0000000000000000000000000000000000100000111011100001001101001100 3
09
1:
0A
#1574
1#
1'
b00000000000000000000000000000000 )
b00000000000000000000000000000000 *
b00000000000000000000000000000000 +
b00000000000000000000000000000000 ,
0:
1<
b00000000000000000000000000001100 =
1>
b00000000000000000000000000000000 @
b00000000000000000000000000000000 G
#1575
b0000000000000000000000000000000000100000111011100001001101001101 -
b0000000000000000000000000000000000100000111011100001001101001100 1
b0000000000000000000000000000000000100000111011100001001101001101 3
19
1:
1A
b00000000000000000000000000000000 B
b00000000000000000000000000000000 F
#1576
0#
0'
0:
0<
0>
#1577
b0000000000000000000000000000000000100000111011100001001101001110 -
b0000000000000000000000000000000000100000111011100001001101001101 1
b0000000000000000000000000000000000100000111011100001001101001110 3
09
1:
0A
#1578
1#
1$
b00001011001101111110100000001010 )
b00001011001101111110100000001010 *
b00001011001101111110100000001010 +
b00001011001101111110100000001010 ,
b0000000000000000000000000000000000001011001101111110100000001010 -
0:
1<
b00000000000000000000000000000000 =
1>
b00001011001101111110100000001010 @
b00100000111011100001001101001101 G
#1579
b0000000000000000000000000000000000001011001101111110100000001010 1
b0000000000000000000000000000000000001011001101111110100000001011 3
19
1:
1A
b00100000111011100001001101001101 B
b00100000111011100001001101001101 F
b00001011001101111110100000001010 G
#1580
0#
0$
b0000000000000000000000000000000000001011001101111110100000001011 -
0:
0<
0>
#1581
b0000000000000000000000000000000000001011001101111110100000001100 -
b0000000000000000000000000000000000001011001101111110100000001011 1
b0000000000000000000000000000000000001011001101111110100000001100 3
09
1:
0A
b00001011001101111110100000001011 G
#1582
1#
1&
b00100001010101111111011010111100 )
b00100001010101111111011010111100 *
b00100001010101111111011010111100 +
b00100001010101111111011010111100 ,
b0000000000000000000000000000000000100001010101111111011010111100 /
0:
1<
b00000000000000000000000000001000 =
1>
b00100001010101111111011010111100 @
b01000100001001110000011010011010 G
#1583
b0000000000000000000000000000000000001011001101111110100000001101 -
b0000000000000000000000000000000000001011001101111110100000001100 1
b0000000000000000000000000000000000001011001101111110100000001101 3
b0000000000000000000000000000000000100001010101111111011010111100 5
19
1:
1A
b01000100001001110000011010011010 B
b01000100001001110000011010011010 F
b00100001010101111111011010111100 G
#1584
0#
0&
0:
0<
0>
#1585
b0000000000000000000000000000000000001011001101111110100000001110 -
b0000000000000000000000000000000000001011001101111110100000001101 1
b0000000000000000000000000000000000001011001101111110100000001110 3
09
1:
0A
#1586
1#
1'
b00000000000000000000000000000000 )
b00000000000000000000000000000000 *
b00000000000000000000000000000000 +
b00000000000000000000000000000000 ,
0:
1<
b00000000000000000000000000001100 =
1>
b00000000000000000000000000000000 @
b00000000000000000000000000000000 G
#1587
b0000000000000000000000000000000000001011001101111110100000001111 -
b0000000000000000000000000000000000001011001101111110100000001110 1
b0000000000000000000000000000000000001011001101111110100000001111 3
19
1:
1A
b00000000000000000000000000000000 B
b00000000000000000000000000000000 F
#1588
0#
0'
0:
0<
0>
#1589
b0000000000000000000000000000000000001011001101111110100000010000 -
b0000000000000000000000000000000000001011001101111110100000001111 1
b0000000000000000000000000000000000001011001101111110100000010000 3
09
1:
0A
#1590
1#
1$
b01110000010011100001110111010101 )
b01110000010011100001110111010101 *
b01110000010011100001110111010101 +
b01110000010011100001110111010101 ,
b0000000000000000000000000000000001110000010011100001110111010101 -
0:
1<
b00000000000000000000000000000000 =
1>
b01110000010011100001110111010101 @
b00001011001101111110100000001111 G
#1591
b0000000000000000000000000000000001110000010011100001110111010101 1
b0000000000000000000000000000000001110000010011100001110111010110 3
18
19
1:
1A
b00001011001101111110100000001111 B
b00001011001101111110100000001111 F
b01110000010011100001110111010101 G
#1592
0#
0$
b0000000000000000000000000000000001110000010011100001110111010110 -
0:
0<
0>
#1593
b0000000000000000000000000000000001110000010011100001110111010111 -
b0000000000000000000000000000000001110000010011100001110111010110 1
b0000000000000000000000000000000001110000010011100001110111010111 3
17
09
1:
0A
1D
b01110000010011100001110111010110 G
#1594
1#
1&
b01010111110100101111000100001110 )
b01010111110100101111000100001110 *
b01010111110100101111000100001110 +
b01010111110100101111000100001110 ,
b0000000000000000000000000000000001010111110100101111000100001110 /
0:
1<
b00000000000000000000000000001000 =
1>
b01010111110100101111000100001110 @
b00100001010101111111011010111100 G
#1595
b0000000000000000000000000000000001110000010011100001110111011000 -
b0000000000000000000000000000000001110000010011100001110111010111 1
b0000000000000000000000000000000001110000010011100001110111011000 3
b0000000000000000000000000000000001010111110100101111000100001110 5
19
1:
1A
b00100001010101111111011010111100 B
b00100001010101111111011010111100 F
b01010111110100101111000100001110 G
#1596
0#
0&
0:
0<
0>
#1597
b0000000000000000000000000000000001110000010011100001110111011001 -
b0000000000000000000000000000000001110000010011100001110111011000 1
b0000000000000000000000000000000001110000010011100001110111011001 3
09
1:
0A
#1598
1#
1'
b00000000000000000000000000000000 )
b00000000000000000000000000000000 *
b00000000000000000000000000000000 +
b00000000000000000000000000000000 ,
0:
1<
b00000000000000000000000000001100 =
1>
b00000000000000000000000000000000 @
b00000000000000000000000000000000 G
#1599
b0000000000000000000000000000000001110000010011100001110111011010 -
b0000000000000000000000000000000001110000010011100001110111011001 1
b0000000000000000000000000000000001110000010011100001110111011010 3
19
1:
1A
b00000000000000000000000000000000 B
b00000000000000000000000000000000 F
#1600
0#
0'
0:
0<
0>
#1601
b0000000000000000000000000000000001110000010011100001110111011011 -
b0000000000000000000000000000000001110000010011100001110111011010 1
b0000000000000000000000000000000001110000010011100001110111011011 3
09
1:
0A
#1602
1#
1$
b00001011111111111010111000011000 )
b00001011111111111010111000011000 *
b00001011111111111010111000011000 +
b00001011111111111010111000011000 ,
b0000000000000000000000000000000000001011111111111010111000011000 -
0:
1<
b00000000000000000000000000000000 =
1>
b00001011111111111010111000011000 @
b01110000010011100001110111011010 G
#1603
b0000000000000000000000000000000000001011111111111010111000011000 1
b0000000000000000000000000000000000001011111111111010111000011001 3
08
19
1:
1A
b01110000010011100001110111011010 B
b01110000010011100001110111011010 F
b00001011111111111010111000011000 G
#1604
0#
0$
b0000000000000000000000000000000000001011111111111010111000011001 -
0:
0<
0>
#1605
b0000000000000000000000000000000000001011111111111010111000011010 -
b0000000000000000000000000000000000001011111111111010111000011001 1
b0000000000000000000000000000000000001011111111111010111000011010 3
07
09
1:
0A
0D
b00001011111111111010111000011001 G
#1606
1#
1&
b00001110001111100100011110101000 )
b00001110001111100100011110101000 *
b00001110001111100100011110101000 +
b00001110001111100100011110101000 ,
b0000000000000000000000000000000000001110001111100100011110101000 /
0:
1<
b00000000000000000000000000001000 =
1>
b00001110001111100100011110101000 @
b01010111110100101111000100001110 G
#1607
b0000000000000000000000000000000000001011111111111010111000011011 -
b0000000000000000000000000000000000001011111111111010111000011010 1
b0000000000000000000000000000000000001011111111111010111000011011 3
b0000000000000000000000000000000000001110001111100100011110101000 5
19
1:
1A
b01010111110100101111000100001110 B
b01010111110100101111000100001110 F
b00001110001111100100011110101000 G
#1608
0#
0&
0:
0<
0>
#1609
b0000000000000000000000000000000000001011111111111010111000011100 -
b0000000000000000000000000000000000001011111111111010111000011011 1
b0000000000000000000000000000000000001011111111111010111000011100 3
09
1:
0A
#1610
1#
1'
b00000000000000000000000000000000 )
b00000000000000000000000000000000 *
b00000000000000000000000000000000 +
b00000000000000000000000000000000 ,
0:
1<
b00000000000000000000000000001100 =
1>
b00000000000000000000000000000000 @
b00000000000000000000000000000000 G
#1611
b0000000000000000000000000000000000001011111111111010111000011101 -
b0000000000000000000000000000000000001011111111111010111000011100 1
b0000000000000000000000000000000000001011111111111010111000011101 3
19
1:
1A
b00000000000000000000000000000000 B
b00000000000000000000000000000000 F
#1612
0#
0'
0:
0<
0>
#1613
b0000000000000000000000000000000000001011111111111010111000011110 -
b0000000000000000000000000000000000001011111111111010111000011101 1
b0000000000000000000000000000000000001011111111111010111000011110 3
09
1:
0A
#1614
1#
1$
b00101110010010001111000001000100 )
b00101110010010001111000001000100 *
b00101110010010001111000001000100 +
b00101110010010001111000001000100 ,
b0000000000000000000000000000000000101110010010001111000001000100 -
0:
1<
b00000000000000000000000000000000 =
1>
b00101110010010001111000001000100 @
b00001011111111111010111000011101 G
#1615
b0000000000000000000000000000000000101110010010001111000001000100 1
b0000000000000000000000000000000000101110010010001111000001000101 3
18
19
1:
1A
b00001011111111111010111000011101 B
b00001011111111111010111000011101 F
b00101110010010001111000001000100 G
#1616
0#
0$
b0000000000000000000000000000000000101110010010001111000001000101 -
0:
0<
0>
#1617
b0000000000000000000000000000000000101110010010001111000001000110 -
b0000000000000000000000000000000000101110010010001111000001000101 1
b0000000000000000000000000000000000101110010010001111000001000110 3
17
09
1:
0A
1D
b00101110010010001111000001000101 G
#1618
1#
1&
b01001001110100001111111010101100 )
b01001001110100001111111010101100 *
b01001001110100001111111010101100 +
b01001001110100001111111010101100 ,
b0000000000000000000000000000000001001001110100001111111010101100 /
0:
1<
b00000000000000000000000000001000 =
1>
b01001001110100001111111010101100 @
b00001110001111100100011110101000 G
#1619
b0000000000000000000000000000000000101110010010001111000001000111 -
b0000000000000000000000000000000000101110010010001111000001000110 1
b0000000000000000000000000000000000101110010010001111000001000111 3
b0000000000000000000000000000000001001001110100001111111010101100 5
08
19
1:
1A
b00001110001111100100011110101000 B
b00001110001111100100011110101000 F
b01001001110100001111111010101100 G
#1620
0#
0&
0:
0<
0>
#1621
b0000000000000000000000000000000000101110010010001111000001001000 -
b0000000000000000000000000000000000101110010010001111000001000111 1
b0000000000000000000000000000000000101110010010001111000001001000 3
07
09
1:
0A
0D
#1622
1#
1'
b00000000000000000000000000000000 )
b00000000000000000000000000000000 *
b00000000000000000000000000000000 +
b00000000000000000000000000000000 ,
0:
1<
b00000000000000000000000000001100 =
1>
b00000000000000000000000000000000 @
b00000000000000000000000000000000 G
#1623
b0000000000000000000000000000000000101110010010001111000001001001 -
b0000000000000000000000000000000000101110010010001111000001001000 1
b0000000000000000000000000000000000101110010010001111000001001001 3
19
1:
1A
b00000000000000000000000000000000 B
b00000000000000000000000000000000 F
#1624
0#
0'
0:
0<
0>
#1625
b0000000000000000000000000000000000101110010010001111000001001010 -
b0000000000000000000000000000000000101110010010001111000001001001 1
b0000000000000000000000000000000000101110010010001111000001001010 3
09
1:
0A
#1626
b0000000000000000000000000000000000000000000000000000000000000001 -
b1111111111111111111111111111111111111111111111111111111111111111 /
b0000000000000000000000000000000000000000000000000000000000000000 1
b0000000000000000000000000000000000000000000000000000000000000001 3
b1111111111111111111111111111111111111111111111111111111111111111 5
0:
0;
b11111111111111111111111111111111 G
#1627
1:
#1628
0:
#1629
1:
#1630
0:
#1631
1:
#1632
0:
#1633
1:
#1634
0:
#1635
1:
#1636
0:
1;
#1637
b0000000000000000000000000000000000000000000000000000000000000010 -
b0000000000000000000000000000000000000000000000000000000000000001 1
b0000000000000000000000000000000000000000000000000000000000000010 3
1:
#1638
0:
#1639
b0000000000000000000000000000000000000000000000000000000000000011 -
b0000000000000000000000000000000000000000000000000000000000000010 1
b0000000000000000000000000000000000000000000000000000000000000011 3
1:
#1640
0:
#1641
b0000000000000000000000000000000000000000000000000000000000000100 -
b0000000000000000000000000000000000000000000000000000000000000011 1
b0000000000000000000000000000000000000000000000000000000000000100 3
1:
#1642
0:
#1643
b0000000000000000000000000000000000000000000000000000000000000101 -
b0000000000000000000000000000000000000000000000000000000000000100 1
b0000000000000000000000000000000000000000000000000000000000000101 3
1:
#1644
0:
#1645
b0000000000000000000000000000000000000000000000000000000000000110 -
b0000000000000000000000000000000000000000000000000000000000000101 1
b0000000000000000000000000000000000000000000000000000000000000110 3
1:
#1646
1#
1&
b00000000000000000000000000001111 )
b00000000000000000000000000001111 *
b00000000000000000000000000001111 +
b00000000000000000000000000001111 ,
b1111111111111111111111111111111100000000000000000000000000001111 /
0:
1<
b00000000000000000000000000001000 =
1>
b00000000000000000000000000001111 @
#1647
b0000000000000000000000000000000000000000000000000000000000000111 -
b0000000000000000000000000000000000000000000000000000000000000110 1
b0000000000000000000000000000000000000000000000000000000000000111 3
b1111111111111111111111111111111100000000000000000000000000001111 5
19
1:
1A
b11111111111111111111111111111111 B
b11111111111111111111111111111111 F
b00000000000000000000000000001111 G
#1648
0#
0&
0:
0<
0>
#1649
b0000000000000000000000000000000000000000000000000000000000001000 -
b0000000000000000000000000000000000000000000000000000000000000111 1
b0000000000000000000000000000000000000000000000000000000000001000 3
09
1:
0A
#1650
1#
1'
b00000000000000000000000000000000 )
b00000000000000000000000000000000 *
b00000000000000000000000000000000 +
b00000000000000000000000000000000 ,
b0000000000000000000000000000000000000000000000000000000000001111 /
0:
1<
b00000000000000000000000000001100 =
1>
b00000000000000000000000000000000 @
b11111111111111111111111111111111 G
#1651
b0000000000000000000000000000000000000000000000000000000000001001 -
b0000000000000000000000000000000000000000000000000000000000001000 1
b0000000000000000000000000000000000000000000000000000000000001001 3
b0000000000000000000000000000000000000000000000000000000000001111 5
19
1:
1A
b00000000000000000000000000000000 G
#1652
0#
0'
0:
0<
0>
#1653
b0000000000000000000000000000000000000000000000000000000000001010 -
b0000000000000000000000000000000000000000000000000000000000001001 1
b0000000000000000000000000000000000000000000000000000000000001010 3
09
1:
0A
#1654
0:
#1655
b0000000000000000000000000000000000000000000000000000000000001011 -
b0000000000000000000000000000000000000000000000000000000000001010 1
b0000000000000000000000000000000000000000000000000000000000001011 3
1:
#1656
0:
#1657
b0000000000000000000000000000000000000000000000000000000000001100 -
b0000000000000000000000000000000000000000000000000000000000001011 1
b0000000000000000000000000000000000000000000000000000000000001100 3
1:
#1658
0:
#1659
b0000000000000000000000000000000000000000000000000000000000001101 -
b0000000000000000000000000000000000000000000000000000000000001100 1
b0000000000000000000000000000000000000000000000000000000000001101 3
1:
#1660
0:
#1661
b0000000000000000000000000000000000000000000000000000000000001110 -
b0000000000000000000000000000000000000000000000000000000000001101 1
b0000000000000000000000000000000000000000000000000000000000001110 3
1:
#1662
0:
#1663
b0000000000000000000000000000000000000000000000000000000000001111 -
b0000000000000000000000000000000000000000000000000000000000001110 1
b0000000000000000000000000000000000000000000000000000000000001111 3
1:
#1664
0:
#1665
b0000000000000000000000000000000000000000000000000000000000010000 -
b0000000000000000000000000000000000000000000000000000000000001111 1
b0000000000000000000000000000000000000000000000000000000000010000 3
18
1:
#1666
0:
#1667
b0000000000000000000000000000000000000000000000000000000000010001 -
b0000000000000000000000000000000000000000000000000000000000010000 1
b0000000000000000000000000000000000000000000000000000000000010001 3
17
1:
1D
#1668
1#
1&
b00000000000000000000001111101000 )
b00000000000000000000001111101000 *
b00000000000000000000001111101000 +
b00000000000000000000001111101000 ,
b0000000000000000000000000000000000000000000000000000001111101000 /
0:
1<
b00000000000000000000000000001000 =
1>
b00000000000000000000001111101000 @
b00000000000000000000000000001111 G
#1669
b0000000000000000000000000000000000000000000000000000000000010010 -
b0000000000000000000000000000000000000000000000000000000000010001 1
b0000000000000000000000000000000000000000000000000000000000010010 3
b0000000000000000000000000000000000000000000000000000001111101000 5
08
19
1:
1A
b00000000000000000000000000001111 B
b00000000000000000000000000001111 F
b00000000000000000000001111101000 G
#1670
0#
0&
0:
0<
0>
#1671
b0000000000000000000000000000000000000000000000000000000000010011 -
b0000000000000000000000000000000000000000000000000000000000010010 1
b0000000000000000000000000000000000000000000000000000000000010011 3
07
09
1:
0A
0D
#1672
1#
1'
b00000000000000000000000000000000 )
b00000000000000000000000000000000 *
b00000000000000000000000000000000 +
b00000000000000000000000000000000 ,
0:
1<
b00000000000000000000000000001100 =
1>
b00000000000000000000000000000000 @
b00000000000000000000000000000000 G
#1673
b0000000000000000000000000000000000000000000000000000000000010100 -
b0000000000000000000000000000000000000000000000000000000000010011 1
b0000000000000000000000000000000000000000000000000000000000010100 3
19
1:
1A
b00000000000000000000000000000000 B
b00000000000000000000000000000000 F
#1674
0#
0'
0:
0<
0>
#1675
b0000000000000000000000000000000000000000000000000000000000010101 -
b0000000000000000000000000000000000000000000000000000000000010100 1
b0000000000000000000000000000000000000000000000000000000000010101 3
09
1:
0A
#1676
0:
#1677
b0000000000000000000000000000000000000000000000000000000000010110 -
b0000000000000000000000000000000000000000000000000000000000010101 1
b0000000000000000000000000000000000000000000000000000000000010110 3
1:
#1678
1#
1&
b00000000000000000000000000010100 )
b00000000000000000000000000010100 *
b00000000000000000000000000010100 +
b00000000000000000000000000010100 ,
b0000000000000000000000000000000000000000000000000000000000010100 /
0:
1<
b00000000000000000000000000001000 =
1>
b00000000000000000000000000010100 @
b00000000000000000000001111101000 G
#1679
b0000000000000000000000000000000000000000000000000000000000010111 -
b0000000000000000000000000000000000000000000000000000000000010110 1
b0000000000000000000000000000000000000000000000000000000000010111 3
b0000000000000000000000000000000000000000000000000000000000010100 5
18
19
1:
1A
b00000000000000000000001111101000 B
b00000000000000000000001111101000 F
b00000000000000000000000000010100 G
#1680
0#
0&
0:
0<
0>
#1681
b0000000000000000000000000000000000000000000000000000000000011000 -
b0000000000000000000000000000000000000000000000000000000000010111 1
b0000000000000000000000000000000000000000000000000000000000011000 3
17
09
1:
0A
1D
#1682
1#
1'
b00000000000000000000000000000000 )
b00000000000000000000000000000000 *
b00000000000000000000000000000000 +
b00000000000000000000000000000000 ,
0:
1<
b00000000000000000000000000001100 =
1>
b00000000000000000000000000000000 @
b00000000000000000000000000000000 G
#1683
b0000000000000000000000000000000000000000000000000000000000011001 -
b0000000000000000000000000000000000000000000000000000000000011000 1
b0000000000000000000000000000000000000000000000000000000000011001 3
19
1:
1A
b00000000000000000000000000000000 B
b00000000000000000000000000000000 F
#1684
0#
0'
0:
0<
0>
#1685
b0000000000000000000000000000000000000000000000000000000000011010 -
b0000000000000000000000000000000000000000000000000000000000011001 1
b0000000000000000000000000000000000000000000000000000000000011010 3
09
1:
0A
#1686
0:
#1687
b0000000000000000000000000000000000000000000000000000000000011011 -
b0000000000000000000000000000000000000000000000000000000000011010 1
b0000000000000000000000000000000000000000000000000000000000011011 3
1:
#1688
b0000000000000000000000000000000000000000000000000000000000000001 -
b1111111111111111111111111111111111111111111111111111111111111111 /
b0000000000000000000000000000000000000000000000000000000000000000 1
b0000000000000000000000000000000000000000000000000000000000000001 3
b1111111111111111111111111111111111111111111111111111111111111111 5
07
08
0:
0;
0D
b11111111111111111111111111111111 G
#1689
1:
#1690
0:
#1691
1:
#1692
0:
#1693
1:
#1694
0:
#1695
1:
#1696
0:
#1697
1:
#1698
0:
1;
#1699
b0000000000000000000000000000000000000000000000000000000000000010 -
b0000000000000000000000000000000000000000000000000000000000000001 1
b0000000000000000000000000000000000000000000000000000000000000010 3
1:
#1700
0:
#1701
b0000000000000000000000000000000000000000000000000000000000000011 -
b0000000000000000000000000000000000000000000000000000000000000010 1
b0000000000000000000000000000000000000000000000000000000000000011 3
1:
#1702
0:
#1703
b0000000000000000000000000000000000000000000000000000000000000100 -
b0000000000000000000000000000000000000000000000000000000000000011 1
b0000000000000000000000000000000000000000000000000000000000000100 3
1:
#1704
0:
#1705
b0000000000000000000000000000000000000000000000000000000000000101 -
b0000000000000000000000000000000000000000000000000000000000000100 1
b0000000000000000000000000000000000000000000000000000000000000101 3
1:
#1706
0:
#1707
b0000000000000000000000000000000000000000000000000000000000000110 -
b0000000000000000000000000000000000000000000000000000000000000101 1
b0000000000000000000000000000000000000000000000000000000000000110 3
1:
#1708
1#
1&
b1111111111111111111111111111111100000000000000000000000000000000 /
0:
1<
b00000000000000000000000000001000 =
1>
#1709
b0000000000000000000000000000000000000000000000000000000000000111 -
b0000000000000000000000000000000000000000000000000000000000000110 1
b0000000000000000000000000000000000000000000000000000000000000111 3
b1111111111111111111111111111111100000000000000000000000000000000 5
19
1:
1A
b11111111111111111111111111111111 B
b11111111111111111111111111111111 F
b00000000000000000000000000000000 G
#1710
0#
0&
0:
0<
0>
#1711
b0000000000000000000000000000000000000000000000000000000000001000 -
b0000000000000000000000000000000000000000000000000000000000000111 1
b0000000000000000000000000000000000000000000000000000000000001000 3
09
1:
0A
#1712
1#
1'
b0000000000000000000000000000000000000000000000000000000000000000 /
0:
1<
b00000000000000000000000000001100 =
1>
b11111111111111111111111111111111 G
#1713
b0000000000000000000000000000000000000000000000000000000000001001 -
b0000000000000000000000000000000000000000000000000000000000001000 1
b0000000000000000000000000000000000000000000000000000000000001001 3
b0000000000000000000000000000000000000000000000000000000000000000 5
18
19
1:
1A
b00000000000000000000000000000000 G
#1714
0#
0'
0:
0<
0>
#1715
b0000000000000000000000000000000000000000000000000000000000001010 -
b0000000000000000000000000000000000000000000000000000000000001001 1
b0000000000000000000000000000000000000000000000000000000000001010 3
17
09
1:
0A
1D
#1716
0:
#1717
b0000000000000000000000000000000000000000000000000000000000001011 -
b0000000000000000000000000000000000000000000000000000000000001010 1
b0000000000000000000000000000000000000000000000000000000000001011 3
1:
#1718
b0000000000000000000000000000000000000000000000000000000000000001 -
b1111111111111111111111111111111111111111111111111111111111111111 /
b0000000000000000000000000000000000000000000000000000000000000000 1
b0000000000000000000000000000000000000000000000000000000000000001 3
b1111111111111111111111111111111111111111111111111111111111111111 5
07
08
0:
0;
0D
b11111111111111111111111111111111 G
#1719
1:
#1720
0:
#1721
1:
#1722
0:
#1723
1:
#1724
0:
#1725
1:
#1726
0:
#1727
1:
#1728
0:
1;
#1729
b0000000000000000000000000000000000000000000000000000000000000010 -
b0000000000000000000000000000000000000000000000000000000000000001 1
b0000000000000000000000000000000000000000000000000000000000000010 3
1:
#1730
0:
#1731
b0000000000000000000000000000000000000000000000000000000000000011 -
b0000000000000000000000000000000000000000000000000000000000000010 1
b0000000000000000000000000000000000000000000000000000000000000011 3
1:
#1732
0:
#1733
b0000000000000000000000000000000000000000000000000000000000000100 -
b0000000000000000000000000000000000000000000000000000000000000011 1
b0000000000000000000000000000000000000000000000000000000000000100 3
1:
#1734
0:
#1735
b0000000000000000000000000000000000000000000000000000000000000101 -
b0000000000000000000000000000000000000000000000000000000000000100 1
b0000000000000000000000000000000000000000000000000000000000000101 3
1:
#1736
0:
#1737
b0000000000000000000000000000000000000000000000000000000000000110 -
b0000000000000000000000000000000000000000000000000000000000000101 1
b0000000000000000000000000000000000000000000000000000000000000110 3
1:
#1738
1#
1$
b00000000000000000101010110101010 )
b00000000000000000101010110101010 *
b00000000000000000101010110101010 +
b00000000000000000101010110101010 ,
b0000000000000000000000000000000000000000000000000101010110101010 -
0:
1<
b00000000000000000000000000000000 =
1>
b00000000000000000101010110101010 @
b00000000000000000000000000000101 G
#1739
b0000000000000000000000000000000000000000000000000101010110101010 1
b0000000000000000000000000000000000000000000000000101010110101011 3
19
1:
1A
b00000000000000000000000000000101 B
b00000000000000000000000000000101 F
b00000000000000000101010110101010 G
#1740
0#
0$
b0000000000000000000000000000000000000000000000000101010110101011 -
0:
0<
0>
#1741
b0000000000000000000000000000000000000000000000000101010110101100 -
b0000000000000000000000000000000000000000000000000101010110101011 1
b0000000000000000000000000000000000000000000000000101010110101100 3
09
1:
0A
b00000000000000000101010110101011 G
#1742
0:
1<
#1743
b0000000000000000000000000000000000000000000000000101010110101101 -
b0000000000000000000000000000000000000000000000000101010110101100 1
b0000000000000000000000000000000000000000000000000101010110101101 3
19
1:
1A
b00000000000000000101010110101011 B
b00000000000000000101010110101011 F
b00000000000000000101010110101100 G
#1744
0:
0<
#1745
b0000000000000000000000000000000000000000000000000101010110101110 -
b0000000000000000000000000000000000000000000000000101010110101101 1
b0000000000000000000000000000000000000000000000000101010110101110 3
09
1:
0A
b00000000000000000101010110101101 G
